text,true_label,pred_label,model,confidence,latency_ms
"klein , charming in comedies like american pie and dead-on in election , ",1,1,medium,0.9990253448486328,51.30200006533414
be fruitful ,1,1,medium,0.9997206330299377,48.04089991375804
soulful and ,1,1,medium,0.9996767044067383,39.83379993587732
the proud warrior that still lingers in the souls of these characters ,1,1,medium,0.9995487332344055,64.76600002497435
covered earlier and much better ,0,0,medium,0.5734871625900269,43.74750005081296
wise and powerful ,1,1,medium,0.999643087387085,40.91719991993159
a powerful and reasonably fulfilling gestalt ,1,1,medium,0.9996968507766724,51.85520008672029
smart and newfangled ,1,1,medium,0.9996992349624634,48.16130001563579
it too is a bomb . ,0,0,medium,0.9934037327766418,51.97429994586855
guilty about it ,0,0,medium,0.9886871576309204,46.26580001786351
while the importance of being earnest offers opportunities for occasional smiles and chuckles ,1,1,medium,0.994400680065155,57.24740005098283
stevens ' vibrant creative instincts ,1,1,medium,0.9996267557144165,45.49259995110333
great artistic significance ,1,1,medium,0.9995355606079102,45.38290004711598
what does n't this film have that an impressionable kid could n't stand to hear ? ,1,0,medium,0.8538353443145752,58.7517999811098
working from a surprisingly sensitive script co-written by gianni romoli ... ,1,1,medium,0.9995922446250916,60.80049998126924
eight crazy nights is a total misfire . ,0,0,medium,0.9987697005271912,53.637799923308194
"weighty revelations , flowery dialogue , and nostalgia for the past ",1,1,medium,0.9987950325012207,54.86849998123944
the campy results make mel brooks ' borscht belt schtick look sophisticated . ,1,1,medium,0.9961853623390198,58.81140008568764
demonstrate how desperate the makers of this ` we 're - doing-it-for - the-cash ' sequel were ,0,0,medium,0.9985357522964478,67.49009992927313
accompanied by the sketchiest of captions . ,0,0,medium,0.9959986209869385,55.778800044208765
"a first-class , thoroughly involving b movie that effectively combines two surefire , beloved genres -- the prison flick and the fight film ",1,1,medium,0.9996349811553955,76.38489990495145
than indecent proposal ,1,0,medium,0.9295927882194519,55.2204999839887
"an mtv , sugar hysteria ",1,0,medium,0.9144645929336548,59.77119994349778
showcases tom hanks as a depression era hit-man in this dark tale of revenge ,1,1,medium,0.9950668811798096,62.103700009174645
"does n't deliver a great story , nor ",0,0,medium,0.9988783001899719,51.45280004944652
"with results that are sometimes bracing , sometimes baffling and quite often , and in unexpected ways , touching ",1,1,medium,0.9995236396789551,61.890300014056265
distinct rarity ,1,1,medium,0.9985138773918152,37.6414000056684
hate yourself ,0,0,medium,0.9984936714172363,33.38199993595481
"the mystery of enigma is how a rich historical subject , combined with so much first-rate talent ... could have yielded such a flat , plodding picture . ",0,0,medium,0.9966631531715393,64.12920006550848
unabashedly romantic picture ,1,1,medium,0.9996861219406128,40.981900063343346
that flow through the hollywood pipeline without a hitch ,1,1,medium,0.9984997510910034,44.00069999974221
be killed ,0,0,medium,0.9905078411102295,32.73080009967089
"it 'll probably be in video stores by christmas , ",0,0,medium,0.9894567131996155,52.13220010045916
the pristine camerawork ,1,1,medium,0.9993461966514587,45.77109997626394
"terrific , sweaty-palmed fun ",1,1,medium,0.9997841715812683,50.37139996420592
takes hold ,1,1,medium,0.9975128173828125,41.90970002673566
check this one out ,1,1,medium,0.988347589969635,41.74999997485429
is too bad that this likable movie is n't more accomplished . ,1,1,medium,0.9532704949378967,50.00289995223284
a moving and weighty depiction of one family ,1,1,medium,0.9994125366210938,49.59210008382797
big-hearted and frequently ,1,1,medium,0.9995587468147278,38.64440007600933
"acceptable , occasionally very enjoyable ",1,1,medium,0.9994828701019287,36.26029996667057
take a complete moron to foul up a screen adaptation of oscar wilde 's classic satire ,0,0,medium,0.9986172914505005,54.19970001094043
a saga of the ups and downs of friendships ,1,1,medium,0.998397171497345,45.133600011467934
", beloved genres ",1,1,medium,0.9991999268531799,42.08990000188351
delicious and delicately ,1,1,medium,0.9997327923774719,45.288800029084086
the huskies are beautiful ,1,1,medium,0.999690055847168,43.371499981731176
joyless ,0,0,medium,0.9979298114776611,43.47190004773438
"than this unexpectedly moving meditation on love , history , memory , resistance and artistic transcendence ",1,1,medium,0.9990198612213135,56.07139994390309
burning ,0,0,medium,0.9915682673454285,35.65769991837442
inadvertent ones ,0,0,medium,0.9976836442947388,50.08090008050203
hollow tribute ,0,0,medium,0.996582567691803,38.441200042143464
"the 3-d vistas from orbit , with the space station suspended like a huge set of wind chimes over the great blue globe , are stanzas of breathtaking , awe-inspiring visual poetry . ",1,1,medium,0.9996317625045776,79.74560000002384
astonishing ... ( frames ) profound ethical and philosophical questions in the form of dazzling pop entertainment ,1,1,medium,0.9997177720069885,57.15030001010746
"are no special effects , and no hollywood endings . ",0,0,medium,0.9394261837005615,41.796699981205165
there 's a scientific law to be discerned here that producers would be well to heed ,0,0,medium,0.9921270608901978,58.36050002835691
we have no idea what in creation is going on ,0,0,medium,0.9977940320968628,56.92779994569719
"i have always appreciated a smartly written motion picture , ",1,1,medium,0.999395489692688,62.70510004833341
ready-made midnight movie ,1,1,medium,0.9944515824317932,50.6784999743104
"to the movie 's contrived , lame screenplay and listless direction ",0,0,medium,0.9993520379066467,58.618800016120076
a powerful 1957 drama ,1,1,medium,0.9997407793998718,45.23070005234331
"a third-person story now , told by hollywood , and much more ordinary for it ",0,0,medium,0.9760560393333435,56.40900006983429
no-surprise series ,0,0,medium,0.9958776235580444,44.32690003886819
"extra effort to see an artist , still committed to growth in his ninth decade , change while remaining true to his principles ",1,1,medium,0.999183714389801,67.61639995966107
", nickelodeon-esque kiddie flick ",1,1,medium,0.9238705635070801,48.333600047044456
offers no new insight ,0,0,medium,0.9985052347183228,44.22599996905774
disjointed ,0,0,medium,0.9987013339996338,46.74789996352047
combined with indoctrinated prejudice ,0,0,medium,0.9975913763046265,44.142100028693676
exploitation film ,0,0,medium,0.9928767085075378,41.66160000022501
"who needs mind-bending drugs when they can see this , the final part of the ` qatsi ' trilogy , directed by godfrey reggio , with music by philip glass ? ",1,1,medium,0.9440021514892578,64.09640004858375
"sly , sophisticated and surprising . ",1,1,medium,0.9997690320014954,41.573100024834275
"for a guy who has waited three years with breathless anticipation for a new hal hartley movie to pore over , no such thing is a big letdown . ",0,0,medium,0.996644139289856,62.94630002230406
pale successor ,0,0,medium,0.9966477751731873,32.039200072176754
still want my money back . ,0,0,medium,0.9906161427497864,45.73739995248616
"to the filmmakers , ivan is a prince of a fellow , but he comes across as shallow and glib though not mean-spirited , and there 's no indication that he 's been responsible for putting together any movies of particular value or merit . ",0,0,medium,0.9966042041778564,78.85750010609627
as terrible as the synergistic impulse that created it ,0,0,medium,0.9991564750671387,50.167599925771356
obnoxious adults ,0,0,medium,0.9978383183479309,39.46729993913323
every joke is repeated at least -- ,0,0,medium,0.9910194277763367,38.91550004482269
for nearly three hours ,1,0,medium,0.5820390582084656,35.87010002229363
huge-screen ,1,1,medium,0.9989701509475708,34.228799981065094
appears not to have been edited at all ,0,0,medium,0.9985143542289734,43.4569000499323
"a buoyant romantic comedy about friendship , love , and the truth ",1,1,medium,0.9997642636299133,54.25529996864498
seem like such a bore ,0,0,medium,0.9992690682411194,49.117499962449074
2002 's first great film ,1,1,medium,0.9992451667785645,47.29459993541241
"amy and matthew have a bit of a phony relationship , but ",0,0,medium,0.9770855903625488,58.85559995658696
classy ,1,1,medium,0.9989149570465088,80.93539997935295
clunky tv-movie approach ,0,0,medium,0.9983695149421692,68.39580007363111
independent film ,1,1,medium,0.9950672388076782,50.059600034728646
"with drama , romance , tragedy , bravery , political intrigue , partisans and sabotage ",1,1,medium,0.9993845224380493,73.25070002116263
"more revealing , more emotional and more surprising -- ",1,1,medium,0.9994195699691772,51.540000014938414
wo n't have any trouble getting kids to eat up these veggies ,1,1,medium,0.999143123626709,56.339899892918766
ingenious and ,1,1,medium,0.9993869066238403,48.3702999772504
"outrageous , ingenious ",1,1,medium,0.9996503591537476,49.942499957978725
though it pretends to expose the life of male hustlers ,0,0,medium,0.9945435523986816,58.98670002352446
a man whose engaging manner and flamboyant style made him a truly larger-than-life character ,1,1,medium,0.9996626377105713,61.49130000267178
is unconvincing soap opera that tornatore was right to cut . ,0,0,medium,0.9976375102996826,56.65199994109571
the most purely enjoyable and satisfying evenings ,1,1,medium,0.9997335076332092,54.18870004359633
demonstrates a vivid imagination and an impressive style that result in some terrific setpieces ,1,1,medium,0.9997214674949646,71.592100081034
gentle and biting ,1,1,medium,0.9984555244445801,53.34060010500252
of dumb drug jokes and predictable slapstick ,0,0,medium,0.9987316727638245,59.440299984999
a movie with depth ,1,1,medium,0.9996883869171143,55.48360000830144
"its plot and animation offer daytime tv serviceability , but little more . ",0,0,medium,0.9225985407829285,80.83910006098449
with familiar situations and repetitive scenes ,0,0,medium,0.9968781471252441,58.72530001215637
family-oriented ,1,1,medium,0.9985490441322327,51.91210005432367
a very resonant chord ,1,1,medium,0.9996427297592163,77.49269995838404
"has an ambition to say something about its subjects , but not a willingness . ",0,0,medium,0.9944218993186951,64.82259999029338
it 's pretty stupid . ,0,0,medium,0.9990026354789734,52.1142000798136
"i 've never seen or heard anything quite like this film , ",1,1,medium,0.9984563589096069,54.938900051638484
"audiences are advised to sit near the back and squint to avoid noticing some truly egregious lip-non-synching , ",0,0,medium,0.9964162111282349,64.16780001018196
"seem to keep upping the ante on each other , just as their characters do in the film . ",1,1,medium,0.9984918832778931,56.01629999000579
"a dull , simple-minded and stereotypical tale of drugs , ",0,0,medium,0.999228835105896,48.47380006685853
uncinematic but ,0,0,medium,0.9958817958831787,37.86869999021292
in venice ,1,1,medium,0.981519341468811,36.740300012752414
with so many distracting special effects and visual party tricks ,0,0,medium,0.9989314675331116,53.98560001049191
anchored by splendid performances ,1,1,medium,0.9997321963310242,49.098100047558546
concentrates far too much on the awkward interplay and utter lack of chemistry between chan and hewitt ,0,0,medium,0.9990432858467102,57.80039995443076
too simple and the working out of the plot almost arbitrary ,0,0,medium,0.9990455508232117,106.49849998299032
"crack you up with her crass , then gasp for gas , verbal deportment ",1,1,medium,0.9983295798301697,61.24629999976605
emerges with yet another remarkable yet shockingly little-known perspective . ,1,1,medium,0.9982621073722839,62.17709998600185
", you 'll swear that you 've seen it all before , even if you 've never come within a mile of the longest yard . ",0,0,medium,0.9877342581748962,72.88600003812462
soon-to-be-forgettable '' section ,0,0,medium,0.9970903396606445,55.1042000297457
as a dentist 's waiting room ,0,0,medium,0.9682368040084839,55.109100067056715
"downbeat , period-perfect biopic hammers home a heavy-handed moralistic message ",0,1,medium,0.8131588697433472,60.263299965299666
imagine ( if possible ) a pasolini film without passion or politics ,0,0,medium,0.9977421760559082,54.85760001465678
suspenseful horror movie ,1,1,medium,0.9996401071548462,41.35710000991821
"of bland hotels , highways , parking lots ",0,0,medium,0.9976720213890076,48.08600002434105
"look back at civil disobedience , anti-war movements and the power of strong voices . ",1,1,medium,0.9988038539886475,53.747700061649084
are terribly wasted ,0,0,medium,0.9988380074501038,44.9711000546813
's nothing remotely topical or sexy here . ,0,0,medium,0.9987878203392029,49.314199946820736
"faith , love and power ",1,1,medium,0.9996837377548218,47.262400039471686
astonishing ,1,1,medium,0.9993820190429688,35.052299965173006
"likable , but just as often it 's meandering , low on energy , and too eager to be quirky at moments when a little old-fashioned storytelling would come in handy . ",0,0,medium,0.9817333221435547,77.26619997993112
does n't have anything really interesting to say . ,0,0,medium,0.9992759823799133,53.3212999580428
offers a persuasive ,1,1,medium,0.9991361498832703,50.11880001984537
to knock back a beer with but they 're simply not funny performers ,0,0,medium,0.9983780384063721,60.78920001164079
"humorless , self-conscious art drivel , made without a glimmer of intelligence or invention . ",0,0,medium,0.9991458654403687,62.21240002196282
playfully profound ... and ,1,1,medium,0.9996242523193359,49.83350005932152
like a comedian who starts off promisingly but then proceeds to flop ,0,0,medium,0.9987033605575562,62.20220006071031
of his way to turn the legendary wit 's classic mistaken identity farce into brutally labored and unfunny hokum ,0,0,medium,0.9984228610992432,76.7039000056684
hard to believe these jokers are supposed to have pulled off four similar kidnappings before ,0,0,medium,0.9917580485343933,61.835700063966215
"nutty , consistently funny . ",1,1,medium,0.9996205568313599,55.06699997931719
masterpiece . ,1,1,medium,0.9989573955535889,53.562199929729104
takes a simple premise and carries it to unexpected heights . ,1,1,medium,0.9996121525764465,65.43640000745654
become apparent that the franchise 's best years are long past ,0,0,medium,0.9975938200950623,60.428100056014955
"not-so-funny gags , ",0,0,medium,0.9989896416664124,59.30010008160025
listless direction ,0,0,medium,0.9988170862197876,55.641200044192374
grayish quality ,0,0,medium,0.9958437085151672,53.702699951827526
"is the kathie lee gifford of film directors , sadly proving once again ego does n't always go hand in hand with talent . ",0,0,medium,0.9982335567474365,76.44450000952929
rendered with such clarity that it 's as if it all happened only yesterday ,1,1,medium,0.9990785121917725,57.779100025072694
the pianist is the film roman polanski may have been born to make . ,1,1,medium,0.9983260035514832,70.48330001998693
sandra bullock and hugh grant make a great team ,1,1,medium,0.9996225833892822,52.66659997869283
` what 's the russian word for wow !? ' ,1,1,medium,0.9972589015960693,74.06279991846532
"meandering , low on energy ",0,0,medium,0.9990500807762146,115.24119996465743
comes along only occasionally ,1,1,medium,0.8011886477470398,73.51729995571077
too indulgent ,0,0,medium,0.995814859867096,59.93710004258901
novel ,1,1,medium,0.9987788796424866,44.42050005309284
exceptional performances ,1,1,medium,0.999610960483551,47.244700021110475
"those rare films that come by once in a while with flawless amounts of acting , direction , story and pace ",1,1,medium,0.9997335076332092,67.26349995005876
"it ai n't art , by a long shot , ",0,0,medium,0.9976040720939636,54.25039993133396
the worst possibilities of mankind ,0,0,medium,0.9978532195091248,49.0862000733614
's better than the phantom menace ,1,1,medium,0.9986974596977234,48.98890003096312
most daring ,1,1,medium,0.9997060894966125,46.03970004245639
which also seems to play on a 10-year delay ,0,0,medium,0.9943775534629822,61.21820001862943
"scary , action-packed chiller ",1,1,medium,0.9996378421783447,60.62460003886372
into a gut-wrenching examination of the way cultural differences and emotional expectations collide ,1,1,medium,0.9983342289924622,69.2215000744909
its playwriting 101 premise ,1,1,medium,0.8018956780433655,47.95200005173683
"of a movie , a vampire soap opera that does n't make much ",0,0,medium,0.9992560744285583,59.05349995009601
similar obsessions can dominate a family ,0,0,medium,0.9423670172691345,57.20510007813573
posing as a serious drama about spousal abuse ,0,0,medium,0.9975391626358032,61.44830002449453
goes further ,1,1,medium,0.99025958776474,41.26840003300458
"petter næss ' delicate , clever direction ... and a wonderful , imaginative script ",1,1,medium,0.999588668346405,59.80239994823933
brimming ,1,1,medium,0.9994945526123047,50.683700013905764
my two hours better watching ,0,0,medium,0.9464529156684875,50.953200086951256
bland hotels ,0,0,medium,0.9986950755119324,40.12370004784316
the refreshingly unhibited enthusiasm ,1,1,medium,0.999667763710022,46.68499995023012
it explores the awful complications of one terrifying day ,1,1,medium,0.805651843547821,47.4281000206247
lousy guy ritchie imitation ,0,0,medium,0.9985785484313965,43.38450008071959
"if you come from a family that eats , meddles , argues , laughs , kibbitzes and fights together , then go see this delightful comedy . ",1,1,medium,0.9996217489242554,66.3351999828592
it 's a heck of a ride ,1,1,medium,0.9996576309204102,45.979399932548404
to his series of spectacular belly flops both on and off the screen ,0,0,medium,0.9954663515090942,51.25500005669892
"ultimately defeated the film ... it was the unfulfilling , incongruous , `` wait a second ",0,0,medium,0.9988811612129211,57.87439993582666
it an above-average thriller ,1,1,medium,0.9992082715034485,54.18490001466125
trouble every day is a plodding mess . ,0,0,medium,0.9983308911323547,66.85960001777858
"a stirring , funny ",1,1,medium,0.9997792840003967,64.39620000310242
liked this film a lot ,1,1,medium,0.9996522665023804,57.07630002871156
"a more confused , less interesting and more sloppily made film could possibly come down the road in 2002 ",0,0,medium,0.9990856647491455,79.65720002539456
search of purpose or even a plot ,0,0,medium,0.9950952529907227,55.39110000245273
hate the feeling of having been slimed in the name of high art . ,0,0,medium,0.997633695602417,56.70390010345727
a disappointingly thin slice of lower-class london life ; despite the title ,0,0,medium,0.9981427192687988,47.94509999919683
leaves blue crush waterlogged ,0,0,medium,0.99733966588974,45.46190006658435
"most audacious , ",1,1,medium,0.9924803972244263,46.85669997707009
"reign of fire never comes close to recovering from its demented premise , but ",0,0,medium,0.9987393021583557,58.06890001986176
comprise a powerful and reasonably fulfilling gestalt . ,1,1,medium,0.9996589422225952,52.834699978120625
cute partnership ,1,1,medium,0.9997088313102722,42.57839999627322
a total lack ,0,0,medium,0.9987390637397766,46.75070010125637
`` ( hopkins ) does n't so much phone in his performance as fax it . ,0,0,medium,0.9940485954284668,57.16369999572635
involving in its bold presentation ,1,1,medium,0.9995397329330444,45.730400015600026
most notable ,1,1,medium,0.9948154091835022,71.49969995953143
fixating ,1,1,medium,0.9863937497138977,45.71419989224523
dull girl ,0,0,medium,0.9989402890205383,40.30230001080781
"nothing overly original , mind you , but solidly entertaining . ",1,1,medium,0.9995224475860596,56.41459999606013
it all seemed wasted like deniro 's once promising career and the once grand long beach boardwalk . ,0,0,medium,0.9984418749809265,59.10280009265989
"it 's tommy 's job to clean the peep booths surrounding her , and after viewing this one , you 'll feel like mopping up , too ",0,0,medium,0.9026503562927246,65.27260004077107
not great ,0,0,medium,0.9988357424736023,42.722900048829615
toilet-humor ,0,0,medium,0.9967694282531738,86.99950005393475
does its best ,1,1,medium,0.9990719556808472,50.123399938456714
"be exploring the idea of why human beings long for what they do n't have , and how this gets us in trouble ",1,1,medium,0.9973224997520447,61.99489999562502
filmed directly ,1,1,medium,0.9514299035072327,38.50199992302805
adorably ditsy but heartfelt performances ,1,1,medium,0.9995887875556946,51.11669993493706
's usually a bad sign when directors abandon their scripts and go where the moment takes them ,0,0,medium,0.9959478974342346,50.38390005938709
"with cheapo animation ( like saturday morning tv in the '60s ) , a complex sword-and-sorcery plot and characters who all have big round eyes and japanese names . ",0,0,medium,0.9972975850105286,66.96890003513545
manages to nail the spirit-crushing ennui of denuded urban living without giving in to it ,1,1,medium,0.9993300437927246,54.18400000780821
take ( its ) earnest errors and hard-won rewards over the bombastic self-glorification of other feel-good fiascos like antwone fisher or the emperor 's club any time ,1,1,medium,0.9995102882385254,67.46910000219941
"hollow , self-indulgent , and - worst of all - boring ",0,0,medium,0.9992647767066956,52.664399961940944
"although olivier assayas ' elegantly appointed period drama seems , at times , padded with incident in the way of a too-conscientious adaptation ",0,0,medium,0.9811292290687561,73.35730001796037
to get a coherent rhythm going ,0,0,medium,0.897429883480072,55.12180004734546
hard to care ,0,0,medium,0.9988911747932434,45.417900080792606
"as the princess , sorvino glides gracefully from male persona to female without missing a beat . ",1,1,medium,0.9995691180229187,61.50060007348657
critical and commercial disaster ,0,0,medium,0.9987778067588806,37.82570001203567
"`` frailty '' has been written so well , that even a simple `` goddammit ! '' ",1,1,medium,0.9992170333862305,59.32070000562817
"'s fun , wispy ",1,1,medium,0.9997839331626892,46.637200051918626
half-baked setups and sluggish pacing ,0,0,medium,0.9991949200630188,45.01610004808754
"at every opportunity to do something clever , the film goes right over the edge and kills every sense of believability ... ",0,0,medium,0.9987726807594299,60.56030001491308
"it looks good , sonny , ",1,1,medium,0.9994078874588013,46.54330003540963
to being the barn-burningly bad movie it promised it would be ,0,0,medium,0.9989105463027954,58.37860004976392
"found the ring moderately absorbing , largely for its elegantly colorful look and sound . ",1,1,medium,0.99967360496521,61.91719998605549
"flat-out amusing , sometimes endearing and ",1,1,medium,0.9996403455734253,48.39830007404089
's a solid movie about people whose lives are anything but . ,1,1,medium,0.9996851682662964,52.75750008877367
if there 's no art here ,0,0,medium,0.9896247982978821,45.870000030845404
seem tired ,0,0,medium,0.9981649518013,41.761500062420964
astringent wit ,1,1,medium,0.9994760155677795,40.30269989743829
is definitely a director to watch . ,1,1,medium,0.999663233757019,42.890300042927265
the sally jesse raphael atmosphere of films like philadelphia and american beauty ,1,1,medium,0.9943261742591858,49.52920007053763
its accumulated enjoyment ,1,1,medium,0.9995772242546082,43.36470004636794
emotionally intense ,1,1,medium,0.9996191263198853,42.91950003243983
absolutely refreshed ,1,1,medium,0.9995230436325073,46.194300055503845
"( washington 's ) strong hand , keen eye , sweet spirit and good taste are reflected in almost every scene . ",1,1,medium,0.9996919631958008,65.81010005902499
"will absolutely crack you up with her crass , then gasp for gas , verbal deportment . ",1,1,medium,0.9995518326759338,57.06789996474981
play their roles with vibrant charm ,1,1,medium,0.9997178912162781,44.66979997232556
"its share of laughs -- sometimes a chuckle , sometimes a guffaw and , to my great pleasure , the occasional belly laugh ",1,1,medium,0.9992753863334656,59.89689996931702
strangely moved by even the corniest and most hackneyed contrivances ,1,1,medium,0.9956967830657959,50.847999984398484
on the strength of their own cleverness ,1,1,medium,0.9995381832122803,45.369100058451295
incredibly irritating comedy ,0,0,medium,0.9982170462608337,56.05539993848652
"unexpected , and often contradictory , truths emerge . ",1,1,medium,0.9986822009086609,55.235200095921755
enough funny ,1,1,medium,0.9982498288154602,39.281200035475194
time out is existential drama without any of the pretension associated with the term . ,1,1,medium,0.998175859451294,53.30459994729608
"a clash between the artificial structure of the story and the more contemporary , naturalistic tone of the film ... ",0,0,medium,0.9921720027923584,60.556699987500906
informative and ,1,1,medium,0.9994649291038513,42.70889994222671
out of control ,0,0,medium,0.9971873164176941,40.84509995300323
the mark of a respectable summer blockbuster is one of two things : unadulterated thrills or genuine laughs . ,1,1,medium,0.9875352382659912,58.16349992528558
a case study that exists apart from all the movie 's political ramifications ,1,1,medium,0.9943556785583496,55.36770005710423
"is badly edited , often awkwardly directed and suffers from the addition of a wholly unnecessary pre-credit sequence designed to give some of the characters a ` back story . ",0,0,medium,0.9990831613540649,80.75090008787811
happens when something goes bump in the night and nobody cares ? ,0,0,medium,0.9949583411216736,56.1821999726817
"the real triumphs in igby come from philippe , who makes oliver far more interesting than the character 's lines would suggest , and sarandon , who could n't be better as a cruel but weirdly likable wasp matron . ",1,1,medium,0.9995488524436951,90.4990000417456
directed the film from the back of a taxicab ,0,0,medium,0.9399607181549072,50.050899968482554
the incessant use ,0,0,medium,0.9936606287956238,39.89789995830506
"a retooling of fahrenheit 451 , and even as a rip-off of the matrix ",0,0,medium,0.9949853420257568,65.94610004685819
their memorable and resourceful performances ,1,1,medium,0.9997652173042297,50.80069997347891
"a welcome , if downbeat , missive ",1,1,medium,0.9993284940719604,47.57150006480515
a good thing ,1,1,medium,0.9994096755981445,39.43829995114356
that a life like this can sound so dull ,0,0,medium,0.9987239241600037,41.88289993908256
adventure movie ,1,1,medium,0.9995404481887817,32.95219992287457
got something ,1,1,medium,0.9952139854431152,32.964900019578636
a film that comes along every day . ,0,1,medium,0.7656497359275818,42.605599970556796
lilo & stitch has a number of other assets to commend it to movie audiences both innocent and jaded . ,1,1,medium,0.9989995360374451,63.27609997242689
a reasonable degree ,1,1,medium,0.998874843120575,46.47369997110218
"it 's up to ( watts ) to lend credibility to this strange scenario , and ",1,1,medium,0.9900352358818054,68.4712000656873
a cute alien creature ,1,1,medium,0.9993739724159241,46.66150000412017
magic and whimsy ,1,1,medium,0.99925297498703,50.81360007170588
time and art ,1,1,medium,0.9973909258842468,48.07849996723235
"there , done that ... a thousand times already ",0,0,medium,0.9959698915481567,68.49879992660135
not as outrageous or funny ,0,0,medium,0.9989627599716187,53.43140009790659
conceptual feat ,1,1,medium,0.9962608218193054,42.39640000741929
a part of its fun ,1,1,medium,0.9996868371963501,49.4206000585109
can only love the players it brings to the fore for the gifted but no-nonsense human beings they are and for the still-inestimable contribution they have made to our shared history . ,1,1,medium,0.9997003078460693,81.8471999373287
"emotionally complex , dramatically satisfying heroine ",1,1,medium,0.9997714161872864,46.139299985952675
thrills the eye ,1,1,medium,0.999516487121582,42.549300007522106
interesting matters of identity and heritage ,1,1,medium,0.9992589354515076,47.074100002646446
"morality , family , and social expectation ",1,1,medium,0.9934533834457397,52.53370001446456
"fun , with an undeniable energy ",1,1,medium,0.9997720122337341,47.761699999682605
well-balanced fashion ,1,1,medium,0.9994257688522339,43.58200007118285
"'re the unnamed , easily substitutable forces that serve as whatever terror the heroes of horror movies try to avoid . ",0,0,medium,0.9912722706794739,61.785400030203164
vivid ,1,1,medium,0.9995935559272766,31.8142999894917
traditional layers of awakening and ripening and ,1,1,medium,0.9951565861701965,48.90219995286316
stoked ,1,1,medium,0.9993534684181213,48.075900063849986
trash ,0,0,medium,0.9980266690254211,42.58579993620515
in rhetoric and cliché ,0,0,medium,0.9863724112510681,55.193400010466576
"wonderful , imaginative script ",1,1,medium,0.99977046251297,46.86130001209676
work as a jaunt down memory lane for teens and young adults who grew up on televised scooby-doo shows or reruns ,1,1,medium,0.9990000128746033,72.37930002156645
diverges from anything ,1,1,medium,0.96435546875,54.042299976572394
it is not worth ,0,0,medium,0.9990222454071045,47.59039997588843
"as immaculate as stuart little 2 is , it could be a lot better if it were , well , more adventurous . ",1,1,medium,0.9799254536628723,67.10240000393242
"realistic , non-exploitive approach ",1,1,medium,0.9987909197807312,47.292300034314394
of his sweetness and vulnerability ,1,1,medium,0.9991253018379211,42.40780009422451
"a worthwhile documentary , whether you 're into rap or not , even if it may still leave you wanting more answers as the credits ",1,1,medium,0.9993425011634827,67.20269995275885
rivals the top japanese animations of recent vintage ,1,1,medium,0.9989203214645386,54.79379999451339
"formulaic , its plot and pacing typical hollywood war-movie stuff , while the performances elicit more of a sense of deja vu than awe ",0,0,medium,0.9990696310997009,64.58710005972534
is bravado -- to take an entirely stale concept and push it through the audience 's meat grinder one more time ,0,0,medium,0.99327552318573,58.672199957072735
"starts promisingly but disintegrates into a dreary , humorless soap opera . ",0,0,medium,0.9992238283157349,53.21330006700009
"humor , warmth , and intelligence ",1,1,medium,0.9997623562812805,46.85109993442893
is extraordinarily good . ,1,1,medium,0.9997301697731018,43.004299979656935
oozing with attractive men ,1,1,medium,0.9925521612167358,44.546499964781106
swim represents an engaging and intimate first feature by a talented director to watch ,1,1,medium,0.9997289776802063,48.794100061059
", the film amounts to being lectured to by tech-geeks , if you 're up for that sort of thing . ",0,0,medium,0.9966362714767456,57.357999961823225
undoubtedly the scariest movie ever made about tattoos . ,1,1,medium,0.996323823928833,45.268099987879395
more simply intrusive to the story ,0,0,medium,0.9968419075012207,40.103500010445714
a spectacular completion one ,1,1,medium,0.9995790123939514,38.349300040863454
three splendid actors ,1,1,medium,0.9996575117111206,37.10059996228665
"we hate ( madonna ) within the film 's first five minutes , and ",0,0,medium,0.996113657951355,45.59370002243668
"more confused , less interesting and more ",0,0,medium,0.9983237385749817,45.135100022889674
"on the irrelevant as on the engaging , which gradually turns what time ",0,0,medium,0.9891422986984253,55.62870006542653
the film retains ambiguities that make it well worth watching . ,1,1,medium,0.999591052532196,55.79170002602041
tv sitcom material ,0,0,medium,0.9943089485168457,42.632700060494244
by an overly sillified plot and stop-and-start pacing ,0,0,medium,0.9989944100379944,53.704299964010715
balance all the formulaic equations in the long-winded heist comedy ,0,0,medium,0.9941492080688477,46.567599987611175
blithe rebel fantasy ,1,1,medium,0.9972617626190186,43.55999990366399
's not even a tv special you 'd bother watching past the second commercial break ,0,0,medium,0.9968108534812927,54.27600000984967
perhaps even the slc high command found writer-director mitch davis 's wall of kitsch hard going . ,0,0,medium,0.9981123208999634,53.599099977873266
nothing about the film -- with the possible exception of elizabeth hurley 's breasts -- is authentic . ,0,0,medium,0.9979296922683716,49.79690001346171
some body smacks of exhibitionism more than it does cathartic truth telling . ,0,0,medium,0.9955686926841736,45.68370000924915
"a shame that stealing harvard is too busy getting in its own way to be anything but frustrating , boring , and forgettable . ",0,0,medium,0.9935280680656433,52.98380006570369
enjoyable family fare ,1,1,medium,0.9996508359909058,36.054100026376545
relegated to the background -- a welcome step forward from the sally jesse raphael atmosphere of films like philadelphia and american beauty ,1,1,medium,0.9994484782218933,51.06059997342527
", but your ego ",0,0,medium,0.7697997093200684,35.09360004682094
to conceive anyone else in their roles ,1,1,medium,0.8815524578094482,42.27760003414005
a muddy psychological thriller ,0,0,medium,0.9984796643257141,35.9166000271216
"sandra bullock and hugh grant make a great team , but this predictable romantic comedy should get a pink slip ",0,0,medium,0.9953166246414185,50.7400999777019
"spectacular in every sense of the word , even if you don ' t ",1,1,medium,0.9996309280395508,47.5643000099808
less the sensational true-crime hell-jaunt purists might like and more experimental in its storytelling ( though no less horrifying for it ) . ,1,1,medium,0.9939956068992615,62.911199987865984
abuse ,0,0,medium,0.998579740524292,28.960000025108457
"acting , poorly dubbed dialogue and murky cinematography ",0,0,medium,0.9990872144699097,40.49220005981624
very much like life ,1,1,medium,0.9981765747070312,37.143300054594874
", wistful new film ",1,1,medium,0.998383641242981,40.53970007225871
energy it 's documenting ,1,1,medium,0.9994524121284485,37.5367000233382
bludgeoning ,0,0,medium,0.9924973249435425,37.14249993208796
the kind of movie that deserves a chance to shine ,1,1,medium,0.9995996356010437,44.82200008351356
-- being real -- ,1,1,medium,0.9981781244277954,45.94470001757145
roars with leonine power ,1,1,medium,0.9992929697036743,48.97249990608543
featuring reams of flatly ,0,0,medium,0.9991674423217773,44.75830006413162
structured and ,1,1,medium,0.9977827668190002,43.65860007237643
succeeds ,1,1,medium,0.9996623992919922,34.98540003784001
shiner ,1,1,medium,0.9965799450874329,42.99630003515631
across its indulgent two-hour-and-fifteen-minute length ,1,0,medium,0.9760796427726746,77.21150002907962
may ... work as a jaunt down memory lane for teens and young adults who grew up on televised scooby-doo shows or reruns . ,1,1,medium,0.9988104104995728,74.83739999588579
good-naturedly ,1,1,medium,0.9996755123138428,42.352299904450774
", and by casting an actress whose face projects that woman 's doubts and yearnings ",1,1,medium,0.997432291507721,61.15059996955097
most of the things that made the original men in black such a pleasure are still there . ,1,1,medium,0.9993444085121155,66.41790003050119
is darkly funny in its observation of just how much more grueling and time-consuming the illusion of work is than actual work ,1,1,medium,0.9994537234306335,75.22519992198795
"this flick is fun , and host to some truly excellent sequences . ",1,1,medium,0.9997802376747131,57.43420007638633
for children ,1,1,medium,0.9892839789390564,40.137099917046726
engaging mix ,1,1,medium,0.9996821880340576,42.97720000613481
most ingenious film ,1,1,medium,0.9996603727340698,45.76799995265901
because of its epic scope ,1,1,medium,0.9994169473648071,44.329000054858625
to see a movie that takes such a speedy swan dive from `` promising '' to `` interesting '' to `` familiar '' before landing squarely on `` stupid '' ,0,0,medium,0.9988662004470825,71.33069995325059
"the cute frissons of discovery and humor between chaplin and kidman that keep this nicely wound clock not just ticking , but humming ",1,1,medium,0.9997143149375916,64.62640000972897
"is , in fact , so interesting ",1,1,medium,0.9996298551559448,51.375300041399896
unwieldy contraption . ,0,0,medium,0.9982110261917114,54.691400029696524
those 24-and-unders looking for their own caddyshack to adopt as a generational signpost may have to keep on looking . ,0,0,medium,0.991650402545929,77.36429991200566
feel good about ,1,1,medium,0.9990239143371582,51.808300078846514
the mood for an intelligent weepy ,1,1,medium,0.9958135485649109,49.548599985428154
"ultimately the , yes , snail-like pacing and lack of thematic resonance make the film more silly than scary , like some sort of martha stewart decorating program run amok . ",0,0,medium,0.9992805123329163,78.42309994157404
"to say that it does n't follow the stale , standard , connect-the-dots storyline which has become commonplace in movies that explore the seamy underbelly of the criminal world ",1,1,medium,0.9989498257637024,78.00740003585815
the movie has a cinematic fluidity and sense of intelligence that makes it work more than it probably should . ,1,1,medium,0.9990634322166443,66.09640002716333
its occasional charms ,1,1,medium,0.998996913433075,42.292799917049706
"carrying off a spot-on scottish burr , duvall ( also a producer ) peels layers from this character that may well not have existed on paper . ",1,1,medium,0.9980360865592957,73.32510000560433
masterfully calibrated psychological thriller ,1,1,medium,0.9996683597564697,46.91050003748387
vividly detailed story about newcomers in a strange new world ,1,1,medium,0.9997740387916565,52.47380002401769
be the best and most mature comedy of the 2002 summer season speaks more of the season than the picture ,1,1,medium,0.9988693594932556,52.1380000282079
the reunion ,1,1,medium,0.9986225366592407,39.045599987730384
rae ,1,1,medium,0.848781943321228,32.37810009159148
treat for its depiction on not giving up on dreams when you 're a struggling nobody ,1,1,medium,0.9995966553688049,60.67739997524768
duds ,0,0,medium,0.9983881711959839,40.80509999766946
"sure , i hated myself in the morning . ",0,0,medium,0.9973107576370239,49.757800064980984
a film in a class with spike lee 's masterful do the right thing . ,1,1,medium,0.9996159076690674,55.880800005979836
it at least calls attention to a problem hollywood too long has ignored ,1,1,medium,0.9992231130599976,68.21309996303171
of the great crimes ,0,0,medium,0.8840760588645935,44.51719997450709
in all the right ways ,1,1,medium,0.99956876039505,47.88430000189692
any summer blockbuster ,1,1,medium,0.9980448484420776,45.37359997630119
"but on the whole , you 're gon na like this movie . ",1,1,medium,0.9984049201011658,61.1339999595657
"far from heaven is a dazzling conceptual feat , but more than that , it 's a work of enthralling drama . ",1,1,medium,0.999702513217926,66.26230000983924
with which it tries to pump life into overworked elements from eastwood 's dirty harry period ,0,0,medium,0.9963788390159607,59.89719997160137
a typical bible killer story ,0,0,medium,0.9962406158447266,48.270200029946864
indescribably bad ,0,0,medium,0.9990414977073669,54.28789998404682
succeeded in ,1,1,medium,0.9984738230705261,34.734200104139745
it 's a compelling and horrifying story ,1,1,medium,0.9995637536048889,48.90880000311881
for an unfocused screenplay ,0,0,medium,0.9986677169799805,47.922899946570396
particular interest ,1,1,medium,0.9988211989402771,44.61130010895431
"you get to see the one of the world 's best actors , daniel auteuil , ",1,1,medium,0.9995827078819275,55.05660001654178
"lovingly photographed in the manner of a golden book sprung to life , stuart little 2 manages sweetness largely without stickiness . ",1,1,medium,0.9996163845062256,58.51859995163977
elegance and maturity ,1,1,medium,0.9996123909950256,37.12450002785772
film to drag on for nearly three hours ,0,0,medium,0.9930597543716431,40.30100000090897
", this movie proves you wrong on both counts . ",1,1,medium,0.8156019449234009,46.53719998896122
work up much entertainment value ,1,1,medium,0.998999297618866,43.271000031381845
highly uneven and inconsistent ... margarita happy hour kinda ,0,0,medium,0.9980966448783875,50.730800023302436
both heartbreaking and ,1,1,medium,0.9756233096122742,48.57300000730902
an intimacy ,1,1,medium,0.9980668425559998,40.090100024826825
how to win the battle ,1,1,medium,0.9961259961128235,40.712299989536405
a spiffy animated feature about an unruly adolescent boy who is yearning for adventure and a chance to prove his worth ,1,1,medium,0.9988706707954407,65.70299994200468
has this sneaky feel to it -- as if the director is trying to dupe the viewer into taking it all as very important simply because the movie is ugly to look at and not a hollywood product . ,0,0,medium,0.9982708692550659,73.04760010447353
cheery and tranquil suburban life ,1,1,medium,0.9992069602012634,49.15420000907034
"getting tired of the whole slo-mo , double-pistoled , ballistic-pyrotechnic hong kong action aesthetic ",0,0,medium,0.9988901019096375,57.67190002370626
has thankfully ditched the saccharine sentimentality of bicentennial man in favor of an altogether darker side ,1,1,medium,0.9963065385818481,54.75499993190169
for purposes of bland hollywood romance ,0,0,medium,0.9981826543807983,45.849099988117814
old story ,0,0,medium,0.9911105632781982,42.62159997597337
avoids the cartoonish clichés and sneering humor of the genre as it provides a fresh view of an old type ,1,1,medium,0.9983482360839844,61.00630003493279
to merit such superficial treatment ,0,0,medium,0.9972618818283081,38.35729998536408
showcase the canadian 's inane ramblings ,0,0,medium,0.9973904490470886,44.1698000067845
takes a hat-in-hand approach to rowling that stifles creativity and allows the film to drag on for nearly three hours . ,0,0,medium,0.9984812140464783,55.933100054971874
a fast-moving and cheerfully simplistic 88 minutes of exaggerated action ,1,1,medium,0.9990876913070679,48.286200035363436
is so thoughtlessly assembled . ,0,0,medium,0.9908974766731262,45.324199949391186
which is way too stagy ,0,0,medium,0.9985935091972351,38.70460006874055
one of the most interesting writer/directors ,1,1,medium,0.9996836185455322,38.636700017377734
humor and heart and very talented young actors ,1,1,medium,0.999646782875061,39.899200084619224
"falls victim to sloppy plotting , an insultingly unbelievable final act and a villainess who is too crazy to be interesting ",0,0,medium,0.9992584586143494,50.15919997822493
seem bound and determined to duplicate bela lugosi 's now-cliched vampire accent ,0,0,medium,0.9893596172332764,57.51559999771416
it 's stylishly directed with verve ... ,1,1,medium,0.9996292591094971,54.30970003362745
moved ,1,1,medium,0.9981720447540283,32.21710002981126
's far too tragic ,0,0,medium,0.9986333250999451,44.748099986463785
"like me , think an action film disguised as a war tribute is disgusting to begin with ",0,0,medium,0.9984032511711121,56.166899972595274
a convincing one ,1,1,medium,0.9996538162231445,42.003899929113686
"seem sincere , and just ",1,1,medium,0.9993858337402344,43.18889998830855
"lot to do with the casting of juliette binoche as sand , who brings to the role her pale , dark beauty and characteristic warmth ",1,1,medium,0.9991342425346375,60.93799998052418
", i guess a space station in the year 2455 can be crossed off the list of ideas for the inevitable future sequels ( hey , do n't shoot the messenger ) . ",0,0,medium,0.9963112473487854,67.0621000463143
merely bad ,0,0,medium,0.9991607666015625,38.59420004300773
dismiss ,0,0,medium,0.9974864721298218,29.64680001605302
"barry convinces us he 's a dangerous , secretly unhinged guy who could easily have killed a president because it made him feel powerful . ",1,1,medium,0.8425090312957764,62.01090000104159
"'s a square , sentimental drama that satisfies , as comfort food often can . ",1,1,medium,0.999421238899231,52.373899961821735
"a little melodramatic , but with enough hope to keep you engaged . ",1,1,medium,0.9995402097702026,51.732299965806305
", director robert j. siegel allows the characters to inhabit their world without cleaving to a narrative arc . ",1,1,medium,0.9994390606880188,58.540400001220405
an unfortunate title for a film that has nothing endearing about it . ,0,0,medium,0.9992251396179199,53.372599999420345
a coming-of-age story and cautionary parable ,1,1,medium,0.9993273019790649,48.649200005456805
cremaster 3 is at once a tough pill to swallow and a minor miracle of self-expression . ,1,1,medium,0.9988773465156555,55.67979998886585
cold ,0,0,medium,0.9977377653121948,30.467299977317452
narcissism and self-congratulation ,0,0,medium,0.9982467889785767,47.059600008651614
an edifying glimpse into the wit and revolutionary spirit of these performers and their era ,1,1,medium,0.9997738003730774,57.500299997627735
sabotaged by pomposity ,0,0,medium,0.998729407787323,49.83819997869432
starring a `` snl '' has-been acting like an 8-year-old channeling roberto benigni ,0,0,medium,0.9967458248138428,63.678700011223555
"the fascination comes in the power of the huston performance , which seems so larger than life and yet so fragile ",1,1,medium,0.9995689988136292,55.637800018303096
fresh territory ,1,1,medium,0.9986963868141174,35.45179998036474
offers piercing domestic drama with spikes of sly humor . ,1,1,medium,0.9996967315673828,46.865500044077635
"like the world of his film , hartley created a monster but did n't know how to handle it . ",0,0,medium,0.9957257509231567,59.95589995291084
overdone ,0,0,medium,0.998216450214386,39.32189999613911
sharp ,1,1,medium,0.9990754127502441,31.54050000011921
three sides of his story with a sensitivity and an inquisitiveness reminiscent of truffaut ,1,1,medium,0.9990367889404297,58.319900068454444
"subtle , and resonant ",1,1,medium,0.9993576407432556,46.8556999694556
", self-important stories ",0,0,medium,0.9434361457824707,41.13769996911287
"feels like pieces a bunch of other , better movies slapped together . ",0,0,medium,0.9980576634407043,52.055700100027025
this movie loves women at all ,1,1,medium,0.9845603704452515,48.81860001478344
imponderably stilted and self-consciously arty ,0,0,medium,0.9989724159240723,50.30180001631379
of loss and denial and life-at-arm 's - length in the film ,0,0,medium,0.986274778842926,49.280500039458275
pitch-perfect ,1,1,medium,0.9996798038482666,40.21370003465563
"wise , wizened ",1,1,medium,0.9995997548103333,37.9255999578163
"'s sharply comic and surprisingly touching , ",1,1,medium,0.9997387528419495,38.41229993849993
of balto ,1,1,medium,0.9461801648139954,38.23619999457151
the most magical and most fun family fare of this or any recent holiday season ,1,1,medium,0.999749481678009,48.92560001462698
"in all , an interesting look at the life of the campaign-trail press , especially ones that do n't really care for the candidate ",1,1,medium,0.99704509973526,59.609999996609986
such an excellent job of critiquing itself at every faltering half-step of its development that criticizing feels more like commiserating ,0,0,medium,0.9975185394287109,60.13280001934618
a flourish ,1,1,medium,0.9988089799880981,33.93499995581806
an exhilarating new interpretation in morvern callar ,1,1,medium,0.9996523857116699,45.940699987113476
is that wind-in-the-hair exhilarating ,1,1,medium,0.9994438290596008,47.320400015451014
a '' range ,1,1,medium,0.994879961013794,36.766699980944395
fit well together ,1,1,medium,0.9992908239364624,41.11300001386553
of tastelessness and gall ,0,0,medium,0.9971287846565247,37.94810001272708
as the chatter of parrots raised on oprah ,0,0,medium,0.9818572998046875,44.90330000407994
tasty and sweet ,1,1,medium,0.999729573726654,35.86220007855445
simple-minded ,0,0,medium,0.9821451902389526,37.235100055113435
flat and ,0,0,medium,0.9991598129272461,35.33919993788004
"insightfully written , delicately performed ",1,1,medium,0.9997151494026184,44.533199979923666
bracing ,1,1,medium,0.9975651502609253,27.07179996650666
a muddled limp biscuit ,0,0,medium,0.9986855387687683,44.67480001039803
slapping its target audience ,0,0,medium,0.9959087371826172,35.52229993510991
too many characters saying too many clever things and getting into too many pointless situations ,0,0,medium,0.9991588592529297,47.48690000269562
life-changing chance encounters ,1,1,medium,0.9995729327201843,38.160900003276765
"while i ca n't say it 's on par with the first one , stuart little 2 is a light , fun cheese puff of a movie . ",1,1,medium,0.9994788765907288,57.24500003270805
that it looks neat ,1,1,medium,0.9972353577613831,36.21829999610782
most of the dialogue made me want to pack raw dough in my ears . ,0,0,medium,0.9973899722099304,45.3256000764668
shtick ,0,0,medium,0.9843029975891113,35.03719996660948
does n't give us a reason to be in the theater beyond wilde 's wit and the actors ' performances ,0,0,medium,0.9971734285354614,50.10610003955662
"intelligent , and humanly funny film . ",1,1,medium,0.9997041821479797,44.58460002206266
"as if trying to grab a lump of play-doh , the harder that liman tries to squeeze his story , the more details slip out between his fingers . ",0,0,medium,0.9976658821105957,64.55799995455891
the highly predictable narrative falls short ,0,0,medium,0.9987181425094604,49.187300028279424
see what he could make with a decent budget ,1,1,medium,0.9844605326652527,40.11910001281649
", it 's contrived and predictable ",0,0,medium,0.999212384223938,41.44900001119822
into a warmed over pastiche ,0,0,medium,0.6656182408332825,40.417399955913424
deeply absorbing ,1,1,medium,0.9997549653053284,35.446000052616
interesting characters or even a halfway intriguing plot ,1,1,medium,0.9857041835784912,39.25369994249195
the lively intelligence ,1,1,medium,0.9996021389961243,40.21350003313273
brooding ,0,0,medium,0.9942275285720825,27.58859994355589
a legend ,1,1,medium,0.999559223651886,34.369700006209314
"pathetic , endearing ",1,1,medium,0.9815207123756409,35.98539996892214
completely forgettable ,0,0,medium,0.9988724589347839,36.90780000761151
the station looking for a return ticket to realism ,0,0,medium,0.9939180612564087,39.89080002065748
a stereotype ,0,0,medium,0.9897629022598267,37.05129993613809
's also somewhat clumsy ,0,0,medium,0.998012900352478,37.605199962854385
"solid , kinetically-charged spy flick worthy ",1,1,medium,0.9996926784515381,40.51099997013807
the film is well-intentioned ,1,1,medium,0.9995731711387634,41.20800003875047
imaginative filmmaker ,1,1,medium,0.9996398687362671,35.757699981331825
"despite terrific special effects and funnier gags , harry potter and the chamber of secrets finds a way to make j.k. rowling 's marvelous series into a deadly bore . ",0,0,medium,0.9960589408874512,65.22480002604425
"it has some cute moments , funny scenes , and hits the target audience ( young bow wow fans ) - with nothing but net ",1,1,medium,0.9995478987693787,53.991599939763546
"with clumsy dialogue , heavy-handed phoney-feeling sentiment , and an overly-familiar set ",0,0,medium,0.999237060546875,49.613600014708936
of a slightly more literate filmgoing audience ,1,1,medium,0.9801353812217712,43.87920000590384
his usual intelligence and subtlety ,1,1,medium,0.9980019927024841,39.97120005078614
the sheer ugliness of everything else ,0,0,medium,0.9985226988792419,40.8732999349013
cram too many ingredients into one small pot ,0,0,medium,0.9987280964851379,39.648400037549436
"bible stores of the potential for sanctimoniousness , making them meaningful for both kids and church-wary adults ",1,1,medium,0.9982792139053345,52.08120006136596
"like many western action films , this thriller is too loud and thoroughly overbearing , ",0,0,medium,0.9984472393989563,51.83489993214607
drawn in by the sympathetic characters ,1,1,medium,0.9995452761650085,39.57950009498745
more plot ,1,1,medium,0.9830042123794556,36.99839999899268
's not half-bad . ,1,1,medium,0.9984883069992065,38.331100018695
a truly larger-than-life character ,1,1,medium,0.9997181296348572,38.503500050865114
harmless fun . ,1,1,medium,0.9994390606880188,35.23849998600781
like having two guys yelling in your face for two hours ,0,0,medium,0.9980863332748413,43.25220000464469
than this hastily dubbed disaster ,0,0,medium,0.9989374279975891,36.925300024449825
"guide a loose , poorly structured film through the pitfalls of incoherence and redundancy ",0,0,medium,0.9984065890312195,48.029699944891036
"sweet , and intermittently hilarious ",1,1,medium,0.9996850490570068,46.852300059981644
a stylish cast and some clever scripting solutions help chicago make the transition from stage to screen with considerable appeal intact . ,1,1,medium,0.9997068047523499,57.14809999335557
with phony imagery or music ,0,0,medium,0.9985560774803162,41.29820002708584
painfully flat ,0,0,medium,0.999064028263092,33.47869997378439
good documentarian ,1,1,medium,0.9992592930793762,37.86390007007867
stunning technical achievement ,1,1,medium,0.9996947050094604,42.15480003040284
a lovely and beautifully photographed romance . ,1,1,medium,0.9997251629829407,45.0804999563843
stimulating and ,1,1,medium,0.9997134804725647,39.801200036890805
they spend years trying to comprehend it ,0,0,medium,0.9955471754074097,40.287000010721385
it 's too harsh to work as a piece of storytelling ,0,0,medium,0.9984890222549438,47.585500054992735
bullock and grant still look ill at ease sharing the same scene . ,0,0,medium,0.9959958791732788,49.36460009776056
strained caper movies that 's hardly any fun to watch and begins to vaporize from your memory minutes after it ends ,0,0,medium,0.999163031578064,55.04420003853738
saving ,1,1,medium,0.9993247985839844,29.360300046391785
potentially trite and overused concept ,0,0,medium,0.9989075660705566,41.75720002967864
full of nuance and character dimension ,1,1,medium,0.998894989490509,39.780199993401766
cleverly worked out ,1,1,medium,0.9996054768562317,36.153099965304136
giving it a strong thumbs up ,1,1,medium,0.9984900951385498,40.232400060631335
his films so memorable ,1,1,medium,0.9996885061264038,36.612399970181286
a sudden turn and devolves ,0,0,medium,0.9956359267234802,41.967400000430644
were more repulsive ,0,0,medium,0.994485080242157,41.680000023916364
have a sense of humor ,1,1,medium,0.9995336532592773,42.972100083716214
"because both are just actory concoctions , defined by childlike dimness and a handful of quirks ",0,0,medium,0.9987824559211731,58.51170001551509
thanks to the presence of ` the king ,1,1,medium,0.9989017248153687,40.522399940527976
is as difficult for the audience ,0,0,medium,0.9974033236503601,44.918700004927814
a worldly-wise and very funny script ,1,1,medium,0.9997265934944153,39.06720003578812
is cheap junk and an insult to their death-defying efforts ,0,0,medium,0.9992504715919495,44.04810001142323
it is impossible not to be awed by the power and grace of one of the greatest natural sportsmen of modern times . ,1,1,medium,0.999607503414154,53.68150002323091
recycled more times ,0,0,medium,0.9831470847129822,36.07649996411055
do n't think that a.c. will help this movie one bit ,0,0,medium,0.9986265897750854,47.2606000257656
"'s weird , wonderful , and not necessarily for kids ",1,1,medium,0.9990482926368713,44.952600030228496
its oscar nomination ,1,1,medium,0.9980269074440002,35.72239994537085
"a sweet , tender sermon about a 12-year-old welsh boy more curious ",1,1,medium,0.9991063475608826,48.684799927286804
cloaks a familiar anti-feminist equation ( career - kids = misery ) in tiresome romantic-comedy duds . ,0,0,medium,0.9982550740242004,54.55370002891868
it 's won ,1,1,medium,0.9991165995597839,34.86499993596226
"watch , giggle ",1,1,medium,0.9987886548042297,38.60660002101213
has moments of inspired humor ,1,1,medium,0.9996922016143799,42.55939996801317
in this fascinating portrait of a modern lothario ,1,1,medium,0.9995978474617004,43.51350001525134
"the movie straddles the fence between escapism and social commentary , and on both sides it falls short . ",0,0,medium,0.996638298034668,50.92459998559207
this funny film ,1,1,medium,0.999763548374176,37.19119995366782
"berry 's saucy , ",1,1,medium,0.9990373849868774,41.398199973627925
many ways the perfect festival film ,1,1,medium,0.999579131603241,40.45769991353154
done any better in bringing the story of spider-man to the big screen ,1,1,medium,0.9948121309280396,45.41289992630482
capable of anteing up some movie star charisma ,1,1,medium,0.9991804957389832,45.52090005017817
their shallow styles ,0,0,medium,0.9979812502861023,36.47869999986142
"the woodman seems to have directly influenced this girl-meets-girl love story , but even more reassuring is how its makers actually seem to understand what made allen 's romantic comedies so pertinent and enduring . ",1,1,medium,0.9993833303451538,67.85110000055283
"one of recent memory 's most thoughtful films about art , ethics , and the cost of moral compromise . ",1,1,medium,0.9996086955070496,53.18930000066757
naturally funny film ,1,1,medium,0.9997060894966125,38.15979999490082
from director mark romanek 's self-conscious scrutiny ,0,0,medium,0.9951554536819458,42.8893999196589
"that if the video is n't back at blockbuster before midnight , you 're going to face frightening late fees ",0,0,medium,0.9984802603721619,52.33019997831434
from a genre -- the gangster/crime comedy -- that wore out its welcome with audiences several years ago ,0,0,medium,0.9971164464950562,56.44760001450777
characteristically startling visual style ,1,1,medium,0.9996144771575928,36.174200009554625
abundant ,1,1,medium,0.9996458292007446,26.290500070899725
"skins has a desolate air , but eyre , a native american raised by white parents , manages to infuse the rocky path to sibling reconciliation with flashes of warmth and gentle humor . ",1,1,medium,0.9985573887825012,64.14499995298684
"with a jarring , new-agey tone creeping into the second half ",0,0,medium,0.9160401225090027,48.61260007601231
over the bombastic self-glorification of other feel-good fiascos like antwone fisher or the emperor 's club any time ,1,1,medium,0.9897077083587646,59.925800072960556
"the good , ",1,1,medium,0.9995840191841125,36.29760001786053
and they succeed merrily at their noble endeavor . ,1,1,medium,0.9996721744537354,44.68110005836934
local ,1,1,medium,0.9948970675468445,26.11759991850704
can get your money back ,0,0,medium,0.9883104562759399,38.548200041987
"congrats disney on a job well done , i enjoyed it just as much ! ",1,1,medium,0.9995540976524353,47.186000039801
a sun-drenched masterpiece ,1,1,medium,0.9995855689048767,37.44759992696345
's been responsible for putting together any movies of particular value or merit ,0,0,medium,0.980560302734375,48.33289992529899
in a contest to see who can out-bad-act the other ,0,0,medium,0.9927914142608643,48.89919993001968
ultimate blame ,0,0,medium,0.9977015852928162,37.374099949374795
one of the most high-concept sci fi adventures attempted for the screen ,1,1,medium,0.9992710947990417,45.77180009800941
"a movie so sloppy , so uneven , so damn unpleasant ",0,0,medium,0.9992116689682007,45.033899950794876
their outrageousness ,1,1,medium,0.9978752136230469,36.71690006740391
is a towering siren . ,1,1,medium,0.9987836480140686,38.775800028815866
is prime escapist fare . ,1,1,medium,0.9994001388549805,39.04329997021705
", satisfying ",1,1,medium,0.9997263550758362,34.34190002735704
sade achieves the near-impossible ,1,1,medium,0.9987261891365051,38.652900024317205
deeply concerned with morality ,1,1,medium,0.9963022470474243,35.948799923062325
see a romance this smart ,1,1,medium,0.9992546439170837,36.93510009907186
"so sloppy , so uneven , so ",0,0,medium,0.9987473487854004,40.03260005265474
"a cellophane-pop remake of the punk classic ladies and gentlemen , the fabulous stains ... crossroads is never much worse than bland or better than inconsequential ",0,0,medium,0.995725154876709,59.279800043441355
does somehow manage to get you under its spell ,1,1,medium,0.99930739402771,39.946400094777346
at keeping themselves kicking ,1,1,medium,0.9551665782928467,35.84439994301647
"world traveler might not go anywhere new , or arrive anyplace special , but it 's certainly an honest attempt to get at something . ",1,1,medium,0.9986950755119324,53.71339991688728
of the problems with the film ,0,0,medium,0.9984692931175232,45.9254999877885
ethnic sleeper ,1,1,medium,0.7341586947441101,35.50830006133765
", a ripping good yarn is told . ",1,1,medium,0.9994099140167236,39.36729999259114
's what makes it worth a recommendation ,1,1,medium,0.9995724558830261,39.37820007558912
keep you engaged ,1,1,medium,0.9996750354766846,36.86769993510097
's nothing interesting in unfaithful whatsoever ,0,0,medium,0.9989516735076904,43.98550000041723
sit and stare and turn away from one another instead of talking ,0,0,medium,0.9973955154418945,44.54130004160106
'm not sure these words have ever been together in the same sentence ,0,0,medium,0.9848635792732239,58.32029995508492
"proved too difficult a text to ` lick , ' despite the efforts of a first-rate cast . ",0,0,medium,0.993372917175293,53.61030006315559
castrated ,0,0,medium,0.9974741339683533,32.48829999938607
it 's a fantastic movie ,1,1,medium,0.9997016787528992,43.89510001055896
", standoffish to everyone else , and smugly suggests a superior moral tone is more important than filmmaking skill ",0,0,medium,0.9975729584693909,51.05939996428788
wedgie ,0,0,medium,0.9901316165924072,38.32779999356717
of a brutally honest individual like prophet jack ,1,1,medium,0.9962272644042969,39.24469999037683
the best ,1,1,medium,0.9996874332427979,31.616599997505546
makes less sense than the bruckheimeresque american action flicks it emulates . ,0,0,medium,0.999202311038971,49.13629998918623
"the jokes , most at women 's expense ",0,0,medium,0.9852655529975891,39.98699993826449
perfectly pleasant if ,1,1,medium,0.9989492297172546,37.22359996754676
his life drew to a close ,0,0,medium,0.8564364910125732,42.61150001548231
's lovely ,1,1,medium,0.9997162222862244,35.83860001526773
appreciates the art and reveals a music scene that transcends culture and race . ,1,1,medium,0.9995787739753723,48.27220004517585
should be able to appreciate the wonderful cinematography and naturalistic acting . ,1,1,medium,0.999711811542511,47.22299997229129
a snore and ,0,0,medium,0.99561607837677,37.033700034953654
are rendered with such clarity that it 's as if it all happened only yesterday ,1,1,medium,0.9991248250007629,48.0350999860093
the cinema world 's great visual stylists ,1,1,medium,0.9988993406295776,43.93390007317066
what 's missing in murder by numbers is any real psychological grounding for the teens ' deviant behavior . ,0,0,medium,0.9968333840370178,53.462799987755716
"is complex from the start -- and , refreshingly , stays that way . ",1,1,medium,0.9995194673538208,50.54789991118014
"is an accuracy of observation in the work of the director , frank novak , that keeps the film grounded in an undeniable social realism . ",1,1,medium,0.9995773434638977,57.97219998203218
skilled ,1,1,medium,0.9995691180229187,27.677600039169192
"like the imaginary sport it projects onto the screen -- loud , violent and mindless . ",0,0,medium,0.9981170892715454,49.726299941539764
considerable ,1,1,medium,0.9993064403533936,26.9017000682652
grinds itself out ,0,0,medium,0.9973961114883423,38.694500108249485
much as i laughed throughout the movie ,1,1,medium,0.9906167387962341,41.39350005425513
emotionally complex ,1,1,medium,0.9992625117301941,34.871899988502264
an eloquent memorial ,1,1,medium,0.9993066787719727,39.24289997667074
", however entertainingly presented , ",0,0,medium,0.7393848299980164,41.43340000882745
with a wonderful ensemble cast of characters that bring the routine day to day struggles of the working class to life ,1,1,medium,0.9996531009674072,51.71130003873259
"to mind , while watching eric rohmer 's tribute to a courageous scottish lady ",1,1,medium,0.9986485838890076,50.104300025850534
's a solid movie about people whose lives are anything but ,1,1,medium,0.9996999502182007,46.05240002274513
contriving ,0,0,medium,0.9965672492980957,38.52569998707622
the big summer movies ,1,1,medium,0.9968083500862122,40.94570002052933
"a tremendous , offbeat sense of style and humor that suggests he was influenced by some of the filmmakers who have directed him , especially the coen brothers and steven soderbergh ",1,1,medium,0.9997026324272156,64.49399993289262
clooney directs this film always keeping the balance between the fantastic and the believable ... ,1,1,medium,0.999629020690918,55.31840003095567
"that proposes as epic tragedy the plight of a callow rich boy who is forced to choose between his beautiful , self-satisfied 22-year-old girlfriend and an equally beautiful , self-satisfied 18-year-old mistress ",1,1,medium,0.984185516834259,70.7060000859201
"the bottom line with nemesis is the same as it has been with all the films in the series : fans will undoubtedly enjoy it , and the uncommitted need n't waste their time on it ",0,1,medium,0.6750206351280212,75.16510004643351
"this retooled machine is ultimately effective enough at achieving the modest , crowd-pleasing goals it sets for itself . ",1,1,medium,0.9955565333366394,53.15859999973327
"watch for that sense of openness , the little surprises . ",1,1,medium,0.9989582300186157,51.963399979285896
the script was reportedly rewritten a dozen times -- either 11 times too many or else too few ,0,0,medium,0.9989520311355591,50.24389992468059
"as you watch them clumsily mugging their way through snow dogs , ",0,0,medium,0.9966977834701538,46.751399990171194
jfk conspiracy nuts ,0,0,medium,0.9923598170280457,37.42780000902712
"too goodly , wise and knowing or downright comically evil ",1,1,medium,0.9224994778633118,48.22760005481541
the increasingly diverse french director ,1,1,medium,0.9923370480537415,41.80820006877184
more than a ,1,1,medium,0.999026894569397,37.42419998161495
has its redundancies ,0,0,medium,0.9972986578941345,38.1166998995468
the style and flash of the double-cross that made mamet 's `` house of games '' and last fall 's `` heist '' so much fun ,1,1,medium,0.9996495246887207,61.68190005701035
jazzy score ,1,1,medium,0.9992559552192688,38.559500011615455
"`` sorority boys '' was funnier , and that movie was pretty bad . ",0,0,medium,0.9988443851470947,66.67129998095334
is both a snore and utter tripe . ,0,0,medium,0.997879147529602,44.57659996114671
quickly sinks into by-the-numbers territory . ,0,0,medium,0.9989244341850281,42.71449998486787
this 20th anniversary edition of the film ,1,1,medium,0.9985008239746094,40.61130003537983
"content merely to lionize its title character and exploit his anger - all for easy sanctimony , formulaic thrills and a ham-fisted sermon on the need for national health insurance . ",0,0,medium,0.9960250854492188,62.95199994929135
misconceived final ,0,0,medium,0.9551036953926086,42.700599995441735
"might have been saved if the director , tom dey , had spliced together bits and pieces of midnight run and 48 hours ( and , for that matter , shrek ) ",0,0,medium,0.9876865744590759,60.669700033031404
resentment ,0,0,medium,0.9971127510070801,29.414799995720387
value whatsoever ,0,0,medium,0.9842409491539001,33.33889995701611
that there is nothing in it to engage children emotionally ,0,0,medium,0.9970069527626038,42.50079998746514
a captivatingly quirky hybrid ,1,1,medium,0.999762237071991,38.3925000205636
"a strong and confident work which works so well for the first 89 minutes , but ends so horrendously confusing in the final two ",1,0,medium,0.5488952994346619,56.17110000457615
creates images even more haunting than those in mr. spielberg 's 1993 classic ,1,1,medium,0.9993378520011902,45.998599962331355
tired retread ,0,0,medium,0.9987338185310364,36.17970005143434
sorvino glides gracefully from male persona to female without missing a beat . ,1,1,medium,0.9995521903038025,47.87540005054325
opening up ,1,1,medium,0.9989953637123108,33.357599982991815
addition to scoring high for originality of plot ,1,1,medium,0.9993029832839966,44.343700050376356
daughter ,1,1,medium,0.9968174695968628,26.72089997213334
final verdict ,1,1,medium,0.9787461161613464,33.42079999856651
by his lack of self-awareness ,0,0,medium,0.9988529682159424,40.829300065524876
pulpy ,0,0,medium,0.9932073950767517,33.14670000690967
the simpering soundtrack and editing ,0,0,medium,0.9987032413482666,40.04889994394034
its economical ,1,1,medium,0.999453604221344,33.06520008482039
cinematic bon bons ,1,1,medium,0.999363362789154,37.02970000449568
get out ,0,0,medium,0.9871659874916077,37.24029997829348
is wrong in its sequel ,0,0,medium,0.9987145662307739,38.749400060623884
"fascination , ",1,1,medium,0.9981740713119507,36.23219998553395
is cinema ,1,1,medium,0.9884013533592224,35.48750001937151
"the gifts of all involved , starting with spielberg and going right through the ranks of the players -- on-camera and off -- that he brings together . ",1,1,medium,0.999589741230011,59.201200027018785
enthrall the whole family ,1,1,medium,0.9996829032897949,43.42330002691597
of all ages ,1,1,medium,0.9791713356971741,40.561300003901124
"stuffy , full of itself , ",0,0,medium,0.9987156391143799,43.83340000640601
hold onto what 's left of his passe ' chopsocky glory ,0,0,medium,0.9958760142326355,54.3018999742344
be underestimated ,0,1,medium,0.5886898040771484,38.149000029079616
honest insight ,1,1,medium,0.9996626377105713,37.06650005187839
awarded mythic status in contemporary culture ,1,1,medium,0.9984291195869446,46.4660000288859
", the film , directed by joel zwick , is heartfelt and hilarious in ways you ca n't fake . ",1,1,medium,0.9997475743293762,56.713499943725765
is honestly affecting ,1,1,medium,0.9997132420539856,39.467499940656126
more watchable ,1,1,medium,0.9954639077186584,42.46849997434765
does not deserve to go down with a ship as leaky as this ,0,0,medium,0.9984076619148254,51.892500021494925
"'s a lovely , sad dance highlighted by kwan 's unique directing style ",1,1,medium,0.9997387528419495,50.88539991993457
"much a home video , and so devoid of artifice and purpose that it appears not to have been edited at all . ",0,0,medium,0.9988611936569214,54.32350002229214
bristles with passion and energy ,1,1,medium,0.9996747970581055,42.64010000042617
"shallow , noisy and pretentious . ",0,0,medium,0.9989997744560242,41.219100006856024
a banal spiritual quest ,0,0,medium,0.9983634352684021,38.17239997442812
"be seen as hip , winking social commentary ",1,1,medium,0.9964953064918518,39.71839998848736
this modern mob music drama ,1,1,medium,0.9609233140945435,38.14970003440976
for a reasonably intelligent person to get through the country bears ,0,0,medium,0.9595295190811157,44.094800017774105
nothing but one relentlessly depressing situation after another for its entire running time ,0,0,medium,0.9985289573669434,46.54919996391982
", it uses very little dialogue , making it relatively effortless to read and follow the action at the same time . ",1,1,medium,0.9913395047187805,53.90280007850379
a 95-minute commercial ,0,0,medium,0.9951753616333008,37.667699973098934
creates a fluid and mesmerizing sequence of images to match the words of nijinsky 's diaries . ,1,1,medium,0.9994164705276489,50.784099963493645
"this would have been better than the fiction it has concocted , and ",0,0,medium,0.9955637454986572,44.523200020194054
amusing for a good while ,1,1,medium,0.9994471669197083,37.612700019963086
the film 's hero is a bore and his innocence soon becomes a questionable kind of inexcusable dumb innocence . ,0,0,medium,0.9992684721946716,51.30350007675588
ultimately flawed ,0,0,medium,0.9979567527770996,33.56699994765222
"it projects onto the screen -- loud , violent and mindless ",0,0,medium,0.9979507327079773,44.83790008816868
real-life persona ,1,1,medium,0.9951842427253723,36.10100003425032
letdown ,0,0,medium,0.9989032745361328,34.56089994870126
jump-in-your-seat moment ,1,1,medium,0.9978958368301392,38.47589995712042
acute expressiveness ,1,1,medium,0.9995641112327576,35.414300044067204
is the action as gripping ,1,1,medium,0.9989744424819946,37.830399931408465
"are complex and quirky , but entirely believable ",1,1,medium,0.9997125267982483,44.593899976462126
"shrewd , powerful act ",1,1,medium,0.9993298053741455,46.63040000014007
a definitive counter-cultural document ,1,1,medium,0.9988816380500793,45.22329999599606
as well as rank frustration from those in the know about rubbo 's dumbed-down tactics ) ,0,0,medium,0.9987185001373291,54.046800010837615
poor casting ,0,0,medium,0.9987664222717285,36.19249991606921
`` abandon '' ,0,0,medium,0.994763195514679,38.151799933984876
"particularly balk , who 's finally been given a part worthy of her considerable talents ",1,1,medium,0.9966688752174377,56.91409995779395
vacuous ,0,0,medium,0.9973328113555908,35.713299992494285
bounces around with limp wrists ,0,0,medium,0.9967040419578552,44.186500017531216
"has the thrown-together feel of a summer-camp talent show : hastily written , underrehearsed , arbitrarily plotted ",0,0,medium,0.9989956021308899,55.864499998278916
outing with one of france 's most inventive directors ,1,1,medium,0.9995763897895813,47.586900065653026
even murphy 's expert comic timing and famed charisma ca n't rescue this effort . ,0,0,medium,0.9664080142974854,52.00579995289445
"this is rote spookiness , with nary an original idea ( or role , or edit , or score , or anything , really ) in sight ",0,0,medium,0.9991602897644043,56.71320005785674
find it more than capable of rewarding them ,1,1,medium,0.999541163444519,38.72609999962151
a terrible movie that some people ,0,0,medium,0.9989427924156189,47.80400008894503
"saturday night live-style parody , '70s blaxploitation films and goofball action comedy ",1,1,medium,0.8888704180717468,51.60000000614673
"ignore the reputation , and ignore the film . ",0,0,medium,0.9970521926879883,39.389200042933226
"fessenden has nurtured his metaphors at the expense of his narrative , but he does display an original talent . ",1,1,medium,0.998153030872345,54.230500012636185
beneath it ,0,1,medium,0.537078320980072,33.88710005674511
"too goodly , wise and knowing ",1,1,medium,0.9994730353355408,41.09690000768751
"however , it 's pleasant enough and its ecological , pro-wildlife sentiments are certainly welcome . ",1,1,medium,0.9996308088302612,51.234199898317456
"hard to care about a film that proposes as epic tragedy the plight of a callow rich boy who is forced to choose between his beautiful , self-satisfied 22-year-old girlfriend and an equally beautiful , self-satisfied 18-year-old mistress ",0,0,medium,0.996005117893219,70.30289992690086
a chilling tale of one of the great crimes of 20th century france : the murder of two rich women by their servants in 1933 . ,1,1,medium,0.9988116025924683,52.060100017115474
the movie is loaded with good intentions ,1,1,medium,0.9988865256309509,38.9805999584496
"a caffeinated , sloppy brilliance , ",1,1,medium,0.9989724159240723,38.85500004980713
"assured , vital and well wrought , the film is , arguably , the most accomplished work to date from hong kong 's versatile stanley kwan . ",1,1,medium,0.9996306896209717,56.20300001464784
smartly and wistfully ,1,1,medium,0.9996423721313477,44.552400009706616
has been awarded mythic status in contemporary culture ,1,1,medium,0.9977704286575317,39.43280002567917
half-assed ,0,0,medium,0.9945507645606995,34.59129994735122
never quite ,0,0,medium,0.9969876408576965,34.407999948598444
gentle jesus ,1,1,medium,0.9958075284957886,34.83639995101839
"in a way that 's too loud , too goofy and too short of an attention span ",0,0,medium,0.9982240796089172,49.047600012272596
warn ,0,0,medium,0.9878858327865601,26.9566000206396
is a fine-looking film with a bouncy score and a clutch of lively songs for deft punctuation . ,1,1,medium,0.9996888637542725,55.811199941672385
exasperated by a noticeable lack of pace ,0,0,medium,0.9988389611244202,41.93119995761663
would do better elsewhere . ,0,0,medium,0.9972245693206787,38.25500002130866
joys ,1,1,medium,0.9995889067649841,35.580100025981665
well-behaved film ,1,1,medium,0.9995469450950623,43.47140004392713
a little too much resonance with real world events ,0,0,medium,0.9984064698219299,47.56400000769645
is too crazy to be interesting ,0,0,medium,0.9990981817245483,51.75880005117506
"gangster no. 1 is solid , satisfying fare for adults . ",1,1,medium,0.9996378421783447,57.39390000235289
nearly every attempt at humor here is doa . ,0,0,medium,0.9989436268806458,60.503600048832595
"girls , right down the reality drain ",0,0,medium,0.9974840879440308,55.56420003995299
fantasized ,1,1,medium,0.9982163310050964,54.389200056903064
"turn in perfectly executed and wonderfully sympathetic characters , who are alternately touching and funny ",1,1,medium,0.9997490048408508,59.55280002672225
wasting ,0,0,medium,0.9989849925041199,32.91230008471757
a party-hearty teen flick that scalds like acid . ,0,0,medium,0.9977623224258423,58.755300007760525
a party-hearty teen ,1,1,medium,0.9932597279548645,59.6390999853611
whatever terror the heroes of horror movies try to avoid ,0,0,medium,0.9847188591957092,59.73049998283386
"one can honestly describe as looking , sounding and simply feeling like no other film in recent history ",1,1,medium,0.9988462924957275,72.35530007164925
the salton sea works the way a good noir should ,1,1,medium,0.9985927939414978,63.27400007285178
is uniquely felt with a sardonic jolt . ,1,1,medium,0.9987685084342957,60.906399972736835
", plodding picture ",0,0,medium,0.998471200466156,44.651599950157106
pretty watchable ,1,1,medium,0.9994526505470276,39.24469999037683
", the film shows signs that someone other than the director got into the editing room and tried to improve things by making the movie go faster . ",0,0,medium,0.9984509944915771,59.2811000533402
made me want to pack raw dough in my ears . ,0,0,medium,0.9946445226669312,50.41699996218085
great pleasure ,1,1,medium,0.9995583891868591,41.595399961806834
jolt you ,1,1,medium,0.9974197149276733,40.51529988646507
the central flaw ,0,0,medium,0.9987950325012207,44.99219998251647
a captivating drama ,1,1,medium,0.9997665286064148,36.926700035110116
charismatic rising star jake gyllenhaal ,1,1,medium,0.9993374943733215,39.26250000949949
"on digital video , whose tiny camera enables shafer to navigate spaces both large ... and small ... with considerable aplomb ",1,1,medium,0.9991666078567505,58.673699968494475
"sad , occasionally horrifying but often inspiring film ",1,1,medium,0.9990752935409546,44.20979996211827
goodness ,1,1,medium,0.9993773102760315,26.4039000030607
with cute accents performing ages-old slapstick and unfunny tricks ,0,0,medium,0.9868324995040894,47.07049997523427
to think about the ways we consume pop culture ,1,1,medium,0.9967300891876221,43.611800065264106
it 's no lie -- big fat liar is a real charmer . ,1,1,medium,0.9995823502540588,46.961699961684644
the right bands for the playlist and the costuming of the stars ,1,1,medium,0.9984763264656067,44.29860005620867
"ensues when brash young men set out to conquer the online world with laptops , cell phones and sketchy business plans ",0,1,medium,0.5537862777709961,57.150500011630356
", kinky fun ",1,1,medium,0.9997290968894958,43.383399955928326
stalking ,0,0,medium,0.9873281121253967,28.286899905651808
politically potent ,1,1,medium,0.9995502829551697,30.192899983376265
when you 're rooting for the film to hurry up and get to its subjects ' deaths just so the documentary will be over ,0,0,medium,0.9983052015304565,54.26260002423078
about every cliche in the war movie compendium across its indulgent two-hour-and-fifteen-minute length ,0,0,medium,0.9977666139602661,59.93690004106611
it is n't quite one of the worst movies of the year . ,0,0,medium,0.9992064833641052,48.68409992195666
irresponsible ,0,0,medium,0.9985551238059998,36.548799951560795
fused with solid performances and eerie atmosphere ,1,1,medium,0.9995959401130676,40.25239998009056
"there 's nothing exactly wrong here , but there 's not nearly enough that 's right . ",0,0,medium,0.9976220726966858,48.44839998986572
mib ii '' succeeds due to its rapid-fire delivery and enough inspired levity that it ca n't be dismissed as mindless . ,1,1,medium,0.9996885061264038,56.68499995954335
"godard uses his characters -- if that 's not too glorified a term -- as art things , mouthpieces , visual motifs , blanks . ",0,0,medium,0.9863452315330505,57.50210001133382
"it 's at once laughable and compulsively watchable , in its committed dumbness . ",1,1,medium,0.9794354438781738,53.57429990544915
irritates and ,0,0,medium,0.9985564351081848,37.158200051635504
by a fantastic dual performance from ian holm ,1,1,medium,0.9996986389160156,41.307899984531105
the best actors there is ,1,1,medium,0.9993428587913513,39.04129995498806
collateral damage is trash ,0,0,medium,0.9987919926643372,38.69790001772344
'll need a stronger stomach than us ,0,0,medium,0.9940487146377563,41.9040999840945
that will strike a chord with anyone who 's ever ,1,1,medium,0.9995410442352295,43.86920004617423
laid-back ,1,1,medium,0.9987888932228088,37.0771000161767
applying definition to both sides of the man ,1,1,medium,0.9887157082557678,42.45970002375543
each one of these people stand out and ,1,1,medium,0.9974817633628845,38.83149998728186
minor classic ,1,1,medium,0.9914290308952332,34.25000002607703
a sobering meditation ,1,1,medium,0.99901282787323,39.845800027251244
instantly forgettable ,0,0,medium,0.9986269474029541,42.07460000179708
proves to be a compelling ,1,1,medium,0.999727189540863,38.99140004068613
younger lad ,1,1,medium,0.9781200289726257,33.02360000088811
"resolutely avoids all the comic possibilities of its situation , and becomes one more dumb high school comedy about sex gags and prom dates . ",0,0,medium,0.9990389347076416,60.066599980928004
estranged from reality ,0,0,medium,0.9772602915763855,37.75010001845658
well established ,1,1,medium,0.9993463158607483,34.10669998265803
"teen-driven , toilet-humor codswallop ",0,0,medium,0.9969934225082397,43.18869998678565
is this bad on purpose ,0,0,medium,0.9990509152412415,37.879199953749776
swill ,0,0,medium,0.9930143356323242,34.671799978241324
"can not help but love cinema paradiso , whether the original version or new director 's cut . ",1,1,medium,0.9994587302207947,51.27569998148829
the only surprise is that heavyweights joel silver and robert zemeckis agreed to produce this ,0,0,medium,0.987163245677948,50.41719996370375
bad at a fraction the budget ,0,0,medium,0.9989858269691467,40.398100041784346
deserves a look ,1,1,medium,0.9982330799102783,38.030599942430854
a ripping good yarn ,1,1,medium,0.9997246861457825,36.34690004400909
may be galled that you 've wasted nearly two hours of your own precious life with this silly little puddle of a movie ,0,0,medium,0.9976903200149536,55.29380007646978
combined with the misconceived final 5 ,0,0,medium,0.994293749332428,43.50889998022467
"layered , well-developed characters and ",1,1,medium,0.9996084570884705,38.50089991465211
nonjudgmental ,1,1,medium,0.9942613840103149,38.48129999823868
"another week , another gross-out college comedy -- ugh . ",0,0,medium,0.9985533356666565,47.44080000091344
pitch-perfect holden ,1,1,medium,0.9991361498832703,36.09379997942597
eight legged freaks falls flat as a spoof . ,0,0,medium,0.9989997744560242,44.88800000399351
tendentious intervention ,0,0,medium,0.9935843348503113,42.927099973894656
the movie 's progression into rambling incoherence ,0,0,medium,0.9989820122718811,43.63049997482449
some of the worst dialogue ,0,0,medium,0.9991969466209412,36.8236000649631
essentially a collection of bits -- and they 're all naughty . ,1,0,medium,0.5137367844581604,50.64829997718334
even bother to rent this on video ,0,0,medium,0.9942747950553894,43.76749997027218
"are appealing enough to probably have a good shot at a hollywood career , if they want one ",1,1,medium,0.9985213875770569,50.8888999465853
rises to its clever what-if concept . ,1,1,medium,0.9975220561027527,42.779300012625754
largest-ever historical canvas ,1,1,medium,0.9976372718811035,38.30679995007813
an uplifting ,1,1,medium,0.9997590184211731,37.70190000068396
an odd drama set in the world of lingerie models and bar dancers in the midwest that held my interest precisely because it did n't try to . ,1,1,medium,0.9981538653373718,58.82969999220222
"in addition to gluing you to the edge of your seat , changing lanes is also a film of freshness , imagination and insight . ",1,1,medium,0.9997374415397644,53.42399992514402
( the kid 's ) just too bratty for sympathy ,0,0,medium,0.9989079236984253,43.29739999957383
"an ungainly movie , ill-fitting ",0,0,medium,0.9990498423576355,42.331599979661405
with the assassin is structured less as a documentary and more as a found relic ,0,1,medium,0.5199903845787048,45.561399892903864
the screenplay never lets us forget that bourne was once an amoral assassin just like the ones who are pursuing him ... there is never really a true `` us '' versus `` them '' ,1,1,medium,0.9992032647132874,64.29190002381802
have infused frida with a visual style unique and inherent to the titular character 's paintings and in the process created a masterful work of art of their own ,1,1,medium,0.9995966553688049,62.68820003606379
undercuts ,0,0,medium,0.9957727789878845,37.58440003730357
"it picked me up , swung me around , and dropped me back in my seat with more emotional force than any other recent film . ",1,1,medium,0.999484658241272,53.72139997780323
not falling into the hollywood trap and making a vanity project with nothing new to offer ,1,1,medium,0.9878514409065247,47.96829994302243
the sentimental cliches ,0,0,medium,0.9977608919143677,37.662999937310815
"a wonderful , imaginative script ",1,1,medium,0.9997679591178894,36.96900000795722
that come full circle to end on a positive ( if tragic ) note ,1,1,medium,0.9993206262588501,47.72720008622855
"the abiding impression , despite the mild hallucinogenic buzz , is of overwhelming waste -- ",0,0,medium,0.9990391731262207,51.64399999193847
", fun , popcorn movies ",1,1,medium,0.9997462630271912,37.96689992304891
decay ,0,0,medium,0.9985490441322327,25.931700016371906
's definite room for improvement . ,0,0,medium,0.997848391532898,42.81280003488064
putting the primitive murderer inside a high-tech space station unleashes a pandora 's box of special effects that run the gamut from cheesy to cheesier to cheesiest . ,0,0,medium,0.991881787776947,63.25419992208481
"survive a screening with little harm done , except maybe for the last 15 minutes , which are as maudlin as any after-school special you can imagine ",0,0,medium,0.9981123208999634,60.685800039209425
"others , more attuned to the anarchist maxim that ` the urge to destroy is also a creative urge ' , or more willing to see with their own eyes , will find morrison 's iconoclastic uses of technology to be liberating . ",1,1,medium,0.9986540079116821,67.92780000250787
"'s hard to imagine any recent film , independent or otherwise , that makes as much of a mess as this one ",0,0,medium,0.998428463935852,51.98550003115088
once intimate and universal cinema ,1,1,medium,0.9903498888015747,37.074899999424815
witty ,1,1,medium,0.9995952248573303,25.991000002250075
a fine documentary ,1,1,medium,0.9996473789215088,37.74559998419136
stolid remake ,0,0,medium,0.9721613526344299,36.93960001692176
does leblanc make one spectacularly ugly-looking broad ,0,0,medium,0.9979467988014221,47.849300084635615
any real emotional impact ,0,0,medium,0.9873626232147217,39.498599944636226
awfully hard ,0,0,medium,0.9983830451965332,36.83380002621561
narrative banality ,0,0,medium,0.9980985522270203,34.46839994285256
"this quiet , introspective and entertaining independent ",1,1,medium,0.9997041821479797,43.66780002601445
long and relentlessly saccharine film ,0,0,medium,0.9980300068855286,40.77650001272559
an unseemly pleasure ,1,1,medium,0.9982176423072815,43.90560009051114
an extremely unpleasant film . ,0,0,medium,0.999142050743103,37.62219997588545
reap more rewards ,1,1,medium,0.9988540410995483,37.614200031384826
the feeling of having been slimed in the name of high art ,0,0,medium,0.9969454407691956,47.810900025069714
( the cockettes ) provides a window into a subculture hell-bent on expressing itself in every way imaginable . ' ,1,1,medium,0.9989950060844421,53.71850007213652
a better lot ,1,1,medium,0.9984392523765564,36.835200036875904
playstation cocktail ,0,0,medium,0.7810695171356201,32.18690003268421
subplots involving the various silbersteins that it feels more like the pilot episode of a tv series than a feature film ,0,0,medium,0.9975903034210205,54.78500004392117
"while somewhat less than it might have been , the film is a good one , and ",1,1,medium,0.9993257522583008,47.28990001603961
choke ,0,0,medium,0.9962068796157837,27.331000077538192
"'s muy loco , but no more ridiculous than most of the rest of `` dragonfly ",0,0,medium,0.9972606897354126,50.7366000674665
"director carl franklin , so crisp and economical in one false move , ",1,1,medium,0.9994109869003296,50.63119996339083
sincerely crafted picture ,1,1,medium,0.9997592568397522,35.41629994288087
much baked cardboard ,0,0,medium,0.9954308271408081,35.307299927808344
", this loose collection of largely improvised numbers would probably have worked better as a one-hour tv documentary . ",0,0,medium,0.9986141920089722,51.50190007407218
"to learn , to grow , ",1,1,medium,0.9992920160293579,39.71689997706562
just because a walk to remember is shrewd enough to activate girlish tear ducts does n't mean it 's good enough for our girls . ,0,0,medium,0.9917716383934021,57.21170001197606
be ( assayas ' ) homage to the gallic ` tradition of quality ,1,1,medium,0.9960732460021973,49.78210001718253
no amount of blood and disintegrating vampire cadavers can obscure this movie 's lack of ideas . ,0,0,medium,0.9988466501235962,54.54040004406124
become wearisome ,0,0,medium,0.9986175298690796,34.86749995499849
stirs us ,1,1,medium,0.998761773109436,37.366499891504645
a helping hand ,1,1,medium,0.9952818751335144,45.427000033669174
less of a trifle if ms. sugarman followed through on her defiance of the saccharine ,0,0,medium,0.870963454246521,59.11220004782081
a limp eddie murphy vehicle that even he seems embarrassed to be part of . ,0,0,medium,0.9969666600227356,49.85120007768273
one of those exceedingly rare films in which the talk alone is enough to keep us involved . ,1,1,medium,0.9997037053108215,50.65479991026223
hmmm ,0,0,medium,0.9680566787719727,35.70999996736646
equal amounts of beautiful movement and inside information . ,1,1,medium,0.9995617270469666,43.06120006367564
it labors as storytelling . ,0,0,medium,0.998242974281311,44.59929990116507
is worse : ,0,0,medium,0.9988653659820557,40.70520005188882
"it 's never laugh-out-loud funny , but it is frequently amusing . ",1,1,medium,0.9990806579589844,54.65920001734048
the film never finds its tone and several scenes run too long . ,0,0,medium,0.9991859793663025,54.306200006976724
the story 's pathetic and ,0,0,medium,0.9993773102760315,45.275900047272444
"is overlong and not well-acted , but credit writer-producer-director ",0,0,medium,0.9987609386444092,50.41190003976226
suits the script ,1,1,medium,0.9995193481445312,39.10970001015812
", the french-produced `` read my lips '' is a movie that understands characters must come first . ",1,1,medium,0.9990911483764648,53.76289994455874
the heart and ,1,1,medium,0.9992184638977051,44.92789995856583
needless ,0,0,medium,0.9990621209144592,35.434699966572225
its sheer dynamism is infectious . ,1,1,medium,0.9997307658195496,39.60540005937219
overladen ,0,0,medium,0.9984115362167358,35.349000012502074
to send your regrets ,0,0,medium,0.9916014075279236,35.82190000452101
intentionally introducing your kids to films which will cause loads of irreparable damage that years and years of costly analysis could never fix ,0,0,medium,0.9989288449287415,50.56679993867874
they 're treading water at best in this forgettable effort ,0,0,medium,0.9872232675552368,47.00120002962649
fun-loving ,1,1,medium,0.9997462630271912,36.64170007687062
soliloquies about nothing delivered by the former mr. drew barrymore ,0,0,medium,0.9931249022483826,58.42120002489537
bad enough ,0,0,medium,0.9988119602203369,40.58879998046905
"a hard look at one man 's occupational angst and its subsequent reinvention , a terrifying study of bourgeois desperation worthy of claude chabrol . ",1,1,medium,0.9842296242713928,62.188199954107404
spirit-crushing ennui ,0,0,medium,0.9954990744590759,55.39110000245273
your brain and your secret agent decoder ring at the door ,0,0,medium,0.9403800964355469,49.31009991560131
"judd 's characters ought to pick up the durable best seller smart women , foolish choices for advice . ",0,0,medium,0.9983111619949341,49.70339999999851
three-hour endurance test ,0,0,medium,0.9574193954467773,38.356499979272485
mariah carey gives us another peek at some of the magic we saw in glitter here in wisegirls . ,1,1,medium,0.9991506338119507,50.78689998481423
fourth-rate ,0,0,medium,0.9925053715705872,37.34539996366948
"feels homogenized and a bit contrived , ",0,0,medium,0.9978160858154297,43.165900046005845
"approached the usher and said that if she had to sit through it again , she should ask for a raise ",0,0,medium,0.9878904819488525,48.64240007009357
very capable ,1,1,medium,0.999675989151001,34.156300011090934
"it ends up being neither , and fails at both endeavors . ",0,0,medium,0.9987605810165405,45.58280005585402
"try this obscenely bad dark comedy , so crass that it makes edward burns ' sidewalks of new york look like oscar wilde ",0,0,medium,0.9985129237174988,53.252800018526614
that stinks so badly of hard-sell image-mongering you ,0,0,medium,0.9990547299385071,51.521999994292855
"scotland looks wonderful , the fans are often funny fanatics , the showdown sure beats a bad day of golf ",1,1,medium,0.9995550513267517,58.507999987341464
melancholic ,0,0,medium,0.9967007040977478,37.11509995628148
' it also rocks . ,1,1,medium,0.9997286200523376,36.51730006095022
"of marivaux 's rhythms , and mira sorvino 's limitations as a classical actress ",0,0,medium,0.9875431060791016,49.801799934357405
into a black hole of dullness ,0,0,medium,0.9990440011024475,40.32530006952584
"are we dealing with dreams , visions or being told what actually happened as if it were the third ending of clue ? ",0,0,medium,0.9954301118850708,51.1996999848634
instructive ,1,1,medium,0.9996016621589661,45.912900008261204
amazing ,1,1,medium,0.9997370839118958,47.60160006117076
"the script boasts some tart tv-insider humor , but the film has not a trace of humanity or empathy ",0,0,medium,0.9990392923355103,68.81630001589656
critics have come to term an `` ambitious failure ,0,0,medium,0.9986321330070496,46.6416000854224
her real-life persona is so charmless and vacant ,0,0,medium,0.9992061257362366,48.06310008279979
"cannon 's confidence and laid-back good spirits are , with the drumming routines , among the film 's saving graces . ",1,1,medium,0.9994208812713623,54.97499997727573
"the chateau has one very funny joke and a few other decent ones , but all it amounts to is a mildly funny , sometimes tedious , ultimately insignificant film . ",0,0,medium,0.9984103441238403,60.826499946415424
quite touching ,1,1,medium,0.9996709823608398,36.501900060102344
the wobbly premise work ,0,0,medium,0.9911661744117737,39.57820008508861
city by the sea is a gritty police thriller with all the dysfunctional family dynamics one could wish for . ,1,1,medium,0.9995237588882446,54.066200042143464
these people mattered ,1,1,medium,0.9954625964164734,39.136299979873
a script that assumes you are n't very bright ,0,0,medium,0.9988605976104736,47.60559997521341
it is hard not to be especially grateful for freedom after a film like this . ,1,1,medium,0.9972023963928223,49.82469999231398
the movie 's charm ,1,1,medium,0.9996942281723022,39.301899960264564
mostly martha is mostly unsurprising ,0,0,medium,0.9919666051864624,37.842500023543835
be most effective if used as a tool to rally anti-catholic protestors ,0,0,medium,0.9718501567840576,45.252200099639595
it 's tough to be startled when you 're almost dozing . ,0,0,medium,0.9776895642280579,44.82120007742196
targeted to the tiniest segment of an already obscure demographic . ,0,0,medium,0.9903339743614197,44.87959994003177
rip-roaring comedy action ,1,1,medium,0.9994992017745972,37.467800080776215
work that lacks both a purpose and a strong pulse ,0,0,medium,0.9985129237174988,41.770200012251735
"'s not enough intelligence , wit or innovation on the screen to attract and sustain an older crowd . ",0,0,medium,0.9987064599990845,52.40549996960908
's touching and tender and proves that even in sorrow you can find humor ,1,1,medium,0.9996870756149292,50.379700027406216
possible argentine american beauty reeks ,0,0,medium,0.9903095364570618,42.270699981600046
the cast is top-notch ,1,1,medium,0.9996401071548462,45.79390003345907
'd do well to check this one out because it 's straight up twin peaks action ,1,1,medium,0.9977211356163025,52.9555999673903
believing it was just coincidence ,1,0,medium,0.9350758790969849,48.730700043961406
recycled ,0,0,medium,0.9817633032798767,33.59090001322329
"it 's kind of insulting , both to men and women . ",0,0,medium,0.9984350800514221,58.00509999971837
fake backdrops ,0,0,medium,0.998645007610321,37.42239996790886
"it 's a talking head documentary , but a great one . ",1,1,medium,0.999553382396698,46.980999992229044
as a masterfully made one ,1,1,medium,0.9997037053108215,41.007100022397935
is its utter sincerity . ,1,1,medium,0.9992541670799255,38.51120010949671
the optimism of a group of people who are struggling to give themselves a better lot in life than the ones ,1,1,medium,0.9978005290031433,62.3591000912711
come along that turns me into that annoying specimen of humanity that i usually dread encountering the most - the fanboy ,1,1,medium,0.9915204644203186,64.73470001947135
as single-minded as john carpenter 's original ,0,0,medium,0.9955570101737976,58.3115000044927
to be mesmerised ,1,1,medium,0.99815434217453,59.558600070886314
daft by half ... but supremely good natured ,1,1,medium,0.999159574508667,61.73430010676384
some of the most inventive ,1,1,medium,0.9994358420372009,41.26740002539009
the numerous scenes ,1,1,medium,0.9912892580032349,37.02559997327626
teen-sleaze ,0,0,medium,0.9887552261352539,40.51910003181547
"the most ravaging , gut-wrenching , frightening war scenes since `` saving private ryan '' ",1,1,medium,0.999416708946228,53.37800004053861
it is spooky and subtly in love with myth ,1,1,medium,0.9996525049209595,43.822300038300455
funniest american comedy ,1,1,medium,0.9995019435882568,40.61659995932132
pure craft ,1,1,medium,0.9993896484375,42.51409997232258
painful and ,0,0,medium,0.9988999366760254,33.66059996187687
enjoys ,1,1,medium,0.9996508359909058,26.813599979504943
is never dull ,1,1,medium,0.9995487332344055,37.11030003614724
are both overplayed and exaggerated ,0,0,medium,0.997880220413208,41.56010004226118
is as visceral as a gut punch ,1,1,medium,0.9806435108184814,45.028300024569035
"hoffman 's quirks and mannerisms , particularly his penchant for tearing up on cue -- things that seem so real in small doses -- become annoying and artificial . ",0,0,medium,0.9989778995513916,81.37240004725754
the pool drowned me in boredom . ,0,0,medium,0.9958540201187134,52.441799896769226
is unusual but unfortunately also irritating . ,0,0,medium,0.9989467263221741,57.89789999835193
lost in the translation ... another routine hollywood frightfest in which the slack execution italicizes the absurdity of the premise ,0,0,medium,0.9991727471351624,69.78410005103797
does n't wrap the proceedings up neatly ,0,0,medium,0.9969558715820312,49.273200100287795
"'s fun , wispy , wise and surprisingly inoffensive for a film about a teen in love with his stepmom . ",1,1,medium,0.9996048808097839,65.51469990517944
lighthearted glow ,1,1,medium,0.9996534585952759,44.579399982467294
hip-hop prison thriller of stupefying absurdity ,0,0,medium,0.9918819069862366,52.36600001808256
pushes its agenda too forcefully ,0,0,medium,0.9978894591331482,50.82010000478476
"pure cinematic intoxication , a wildly inventive mixture of comedy and melodrama , tastelessness and swooning elegance . ",1,1,medium,0.9997016787528992,71.11339992843568
its drastic iconography ,1,1,medium,0.9920125603675842,43.466600007377565
"love , memory , history ",1,1,medium,0.9995519518852234,39.71429995726794
of the people who loved the 1989 paradiso will prefer this new version ,1,1,medium,0.9959642887115479,45.323100057430565
"... it is visually ravishing , penetrating , impenetrable . ",1,1,medium,0.9995216131210327,55.31880003400147
"could desire to the cheap , graceless , hackneyed sci-fi serials of the '30s and '40s ",0,0,medium,0.9984502792358398,60.106299933977425
a really strong second effort ,1,1,medium,0.9995501637458801,39.63770007248968
rare to see a movie that takes such a speedy swan dive from `` promising '' to `` interesting '' to `` familiar '' before landing squarely on `` stupid '' ,0,0,medium,0.9988142251968384,64.44049999117851
the operative word for `` bad company ,0,0,medium,0.9980617165565491,38.00479997880757
affirming ' ,1,1,medium,0.998866081237793,41.54519992880523
if also somewhat hermetic . ,1,1,medium,0.9386964440345764,52.233500056900084
babies are the kiss of death in this bitter italian comedy ,0,0,medium,0.9955776929855347,56.28569994587451
"based on three short films and two features , here 's betting her third feature will be something to behold ",1,1,medium,0.9988638162612915,66.20040000416338
for industrial-model meat freezers ,0,0,medium,0.9752463698387146,44.47610001079738
often lethally dull ,0,0,medium,0.9984726309776306,38.03749999497086
love the music ,1,1,medium,0.9996953010559082,40.68630002439022
